bias_voltage_v,probe_current_a,ion_current_a,corrected_ion_current_a,electron_current_a,electron_current_smooth_a,dIe_dV_a_per_v,ln_electron_current,semilog_fit_ln_current,semilog_fit_current_a,legacy_total_model_a,semilog_window,legacy_model_valid
-21.000607,-0.000619,-0.0008028629354630225,-0.0007439458866088756,0.0001838629354630225,0.00011827028691308983,-2.405933215542446e-06,-8.601319993904879,,3.907379714037993e-07,-0.0008024721974916187,0,1
-9.824518,-0.00049,-0.0005303944277367122,-0.0006180457168905534,4.039442773671217e-05,9.138136316813128e-05,-0.00012829200873260975,-10.116818709819121,,4.8584174504079145e-06,-0.0005255360102863042,0,1
-9.655268,-0.000489,-0.0005262681815218978,-0.0006159413135798833,3.72681815218978e-05,6.93452806393712e-05,-0.00011853922126366231,-10.197370637670511,,5.0474441496162284e-06,-0.0005212207373722815,0,1
-9.490798,-0.000489,-0.0005222584697644353,-0.0006138894322474784,3.3258469764435345e-05,5.171256627895317e-05,-9.388639061830145e-05,-10.311201093543072,,5.238175599575659e-06,-0.0005170202941648597,0,1
-9.319905,-0.000485,-0.0005180921678773555,-0.0006117501287687059,3.309216787735549e-05,3.803374703902074e-05,-7.070128208075547e-05,-10.316213923599662,,5.44399435423872e-06,-0.0005126481735231168,0,1
-9.154963,-0.000485,-0.0005140709489517194,-0.0006096782031473571,2.9070948951719414e-05,2.7859349871717473e-05,-5.21348854980425e-05,-10.445771200248284,,5.65031195348677e-06,-0.0005084206369982327,0,1
-8.987119,-0.000468,-0.0005099789804454902,-0.0006075625706781163,4.197898044549023e-05,2.0739901729186944e-05,-3.481627369649874e-05,-10.078341530539172,,5.868287915324582e-06,-0.0005041106925301656,0,1
-8.82201,-0.000484,-0.0005059536901277249,-0.0006054741995732512,2.195369012772489e-05,1.622592956357271e-05,-2.0675345803937576e-05,-10.726575317414554,,6.090914868450933e-06,-0.000499862775259274,0,1
-8.650618,-0.000464,-0.0005017752228234445,-0.0006032987114228966,3.7775222823444466e-05,1.3867960327018314e-05,-8.759923778674875e-06,-10.183857151121492,,6.330951922997332e-06,-0.0004954442709004471,0,1
-8.485548,-0.000477,-0.0004977508833098292,-0.00060119602680177,2.0750883309829187e-05,1.3216520971667367e-05,-1.280530221986747e-07,-10.782921743045213,,6.571073301088215e-06,-0.000491179810008741,0,1
-8.320951,-0.000487,-0.000493738075343981,-0.0005990920190831464,6.738075343981002e-06,1.3822138449663354e-05,1.931979164856927e-05,-11.907736231092148,,6.8195745528572345e-06,-0.00048691850079112377,0,1
-8.152939,-0.000466,-0.0004896420110660289,-0.0005969367098759438,2.364201106602894e-05,1.9750389629289497e-05,1.1164791367325643e-05,-10.652485298569667,,7.082926308630847e-06,-0.00048255908475739807,0,1
-7.987851,-0.000467,-0.00048561723271972905,-0.0005948113035752066,1.8617232719729028e-05,1.76809562051949e-05,-1.2640618160880232e-05,-10.891422915864341,,7.351598536698818e-06,-0.0004782656341830302,0,1
-7.815532,-0.000467,-0.0004814161655321923,-0.0005925846713639715,1.4416165532192288e-05,1.5483800630232522e-05,-1.3696935548744857e-05,-11.147160374631454,,7.642915551183799e-06,-0.00047377324998100853,0,1
-7.651787,-0.00045,-0.0004774241289800814,-0.0005904610483992719,2.7424128980081403e-05,1.3093734762163918e-05,-1.4055542501155815e-05,-10.5040873123773,,7.930427223875719e-06,-0.0004694937017562057,0,1
-7.48402,-0.000473,-0.0004733340377025585,-0.0005882773129956953,3.3403770255846944e-07,1.0828622637385425e-05,-1.3975237503041479e-05,-14.912011968428809,,8.2362217337417e-06,-0.00046509781596881675,0,1
-7.318838,-0.000463,-0.00046930696767446124,-0.0005861192762610119,6.306967674461262e-06,8.443123581816838e-06,-1.028125923266895e-05,-11.973855555638965,,8.548822421676127e-06,-0.00046075814525278514,0,1
-7.147948,-0.000454,-0.00046514073892616213,-0.0005838782724654119,1.1140738926162152e-05,7.421694809607116e-06,-9.382358229967804e-06,-11.404901994770665,,8.884717327127626e-06,-0.0004562560215990345,0,1
-6.985595,-0.000453,-0.0004611826387683261,-0.000581741223813794,8.182638768326072e-06,5.37320728882325e-06,-7.732952253515254e-06,-11.713495871554958,,9.216049585297717e-06,-0.00045196658918302836,0,1
-6.820594,-0.00047,-0.0004571599814466683,-0.0005795612457631746,0.0,4.916361434513834e-06,-4.731756832470537e-06,,,9.565448570617344e-06,-0.00044759453287605095,0,1
-6.649007,-0.000448,-0.00045297676012163817,-0.0005772855225596992,4.976760121638173e-06,3.7541819055571464e-06,-9.884878769068708e-06,-12.210731456629702,,9.94285087354424e-06,-0.00044303390924809393,0,1
-6.48479,-0.000459,-0.0004489732164013536,-0.0005750991128423766,0.0,1.6418618668281166e-06,-8.658340308159372e-06,,,1.031797989941339e-05,-0.00043865523650194025,0,1
-6.316916,-0.00046,-0.00044488051650731677,-0.0005728553876830121,0.0,9.099201724898737e-07,-4.214829028377281e-06,,,1.0716096191409568e-05,-0.0004341644203159072,0,1
-6.151741,-0.000441,-0.0004408536171363746,-0.0005706391255582653,0.0,2.3733958769813982e-07,-2.753153304600102e-06,,,1.112280141749934e-05,-0.0004297308157188753,0,1
-5.978767,-0.000449,-0.00043663658131503757,-0.0005683089545427872,0.0,0.0,6.329936880271497e-07,,,1.1565265679623675e-05,-0.0004250713156354139,0,1
-5.815126,-0.000439,-0.00043264708024065985,-0.0005660956813375057,0.0,4.1399718250816166e-07,7.099907316842943e-08,,,1.200004711018492e-05,-0.00042064703313047494,0,1
-5.64676,-0.000438,-0.0004285423855865775,-0.0005638094334682177,0.0,0.0,-1.2123305675494521e-06,,,1.2464448408779744e-05,-0.00041607793717779776,0,1
-5.48302,-0.000438,-0.00042455047093243453,-0.0005615770747850034,0.0,0.0,0.0,,,1.2933322220851866e-05,-0.0004116171487115827,0,1
-5.317944,-0.000434,-0.0004205259851412577,-0.0005593174825657245,0.0,0.0,0.0,,,1.3423877541564998e-05,-0.00040710210759969267,0,1
-5.145318,-0.000431,-0.00041631743341848934,-0.0005569447386148488,0.0,0.0,0.0,,,1.395678306650342e-05,-0.0004023606503519859,0,1
-4.981376,-0.000423,-0.00041232059408644154,-0.0005546819595378456,0.0,0.0,0.0,,,1.4482453604047295e-05,-0.00039783814048239424,0,1
-4.813667,-0.000419,-0.00040823191682534676,-0.0005523575956214057,0.0,0.0,0.0,,,1.5040695231712798e-05,-0.00039319122159363394,0,1
-4.647001,-0.000422,-0.0004041686674803645,-0.0005500379563412164,0.0,0.0,0.0,,,1.5616781109592874e-05,-0.0003885518863707716,0,1
-4.476842,-0.000425,-0.0004000202602149784,-0.0005476595659871324,0.0,0.0,0.0,,,1.6227710321564733e-05,-0.00038379254989341367,0,1
-4.310641,-0.000414,-0.00039596834738101476,-0.0005453264845004161,0.0,0.0,0.0,,,1.684749419307768e-05,-0.00037912085318793706,0,1
-4.143813,-0.00041,-0.0003919011485418712,-0.0005429745197552624,0.0,0.0,0.0,,,1.7493422841755486e-05,-0.0003744077257001157,0,1
-3.977855,-0.00042,-0.00038785515994914946,-0.0005406246682663079,0.0,0.0,0.0,,,1.816055273822265e-05,-0.00036969460721092683,0,1
-3.814956,-0.000411,-0.0003838837485332142,-0.0005383081543832328,0.0,0.0,0.0,,,1.884012269358376e-05,-0.00036504362583963045,0,1
-3.645361,-0.000401,-0.00037974909135861195,-0.0005358857801255899,0.0,0.0,0.0,,,1.9574659257288052e-05,-0.0003601744321013239,0,1
-3.481251,-0.00041,-0.0003757481562548413,-0.0005335312793821733,0.0,0.0,0.0,,,2.0312691972895208e-05,-0.0003554354642819461,0,1
-3.308608,-0.000413,-0.00037153919007898195,-0.0005310430875314314,0.0,0.0,0.0,,,2.1119152895976518e-05,-0.0003504200371830054,0,1
-3.144454,-0.000382,-0.00036753718227309346,-0.0005286663810574066,0.0,0.0,0.0,,,2.1915635857089366e-05,-0.0003456215464160041,0,1
-2.976245,-0.000404,-0.0003634363152152045,-0.0005262198287346187,0.0,0.0,0.0,,,2.276296403263548e-05,-0.000340673351182569,0,1
-2.810767,-0.000392,-0.00035940202882740513,-0.0005238018476851896,0.0,0.0,0.0,,,2.3628495456864942e-05,-0.0003357735333705402,0,1
-2.640523,-0.000393,-0.0003552515492965641,-0.0005213025208866553,0.0,0.0,0.0,,,2.4553313973890137e-05,-0.00033069823532267393,0,1
-2.474443,-0.000389,-0.00035120258639342454,-0.0005188527240641163,0.0,0.0,0.0,,,2.5490381488573693e-05,-0.0003257122049048509,0,1
-2.310322,-0.000382,-0.00034720138311412446,-0.0005164204074529624,0.0,0.0,0.0,,,2.645152312014461e-05,-0.00032074985999397984,0,1
-2.142024,-0.00038,-0.00034309834627240616,-0.0005139142315582675,0.0,0.0,0.0,,,2.7474774569928052e-05,-0.0003156235717024781,0,1
-1.97709,-0.000369,-0.00033907732238351877,-0.0005114462351868069,0.0,0.0,0.0,,,2.8515967686776667e-05,-0.0003105613546967421,0,1
-1.805723,-0.000383,-0.0003348994645690781,-0.0005088692994453046,0.0,0.0,0.0,,,2.9639587240777383e-05,-0.0003052598773283007,0,1
-1.64087,-0.000371,-0.0003308804154272714,-0.0005063779426390255,0.0,0.0,0.0,,,3.0762256869637595e-05,-0.0003001181585576338,0,1
-1.472594,-0.000362,-0.00032677791493661203,-0.0005038221496739167,0.0,0.0,0.0,,,3.195210633385022e-05,-0.0002948258086027618,0,1
-1.30768,-0.000367,-0.0003227573786395964,-0.0005013047770080702,0.0,0.0,0.0,,,3.316282431371858e-05,-0.00028959455432587785,0,1
-1.136192,-0.000363,-0.0003185765708943316,-0.000498673575976012,0.0,0.0,0.0,,,3.447048536923046e-05,-0.0002841060855251011,0,1
-0.97151,-0.000348,-0.00031456169066302844,-0.0004961336673788229,0.0,0.0,0.0,,,3.577475707552347e-05,-0.000278786933587505,0,1
-0.807682,-0.00035,-0.0003105676306046497,-0.0004935939620550433,0.0,0.0,0.0,,,3.7121228947235416e-05,-0.0002734464016574143,0,1
-0.639577,-0.000345,-0.00030646929902449394,-0.0004909742974378494,0.0,0.0,0.0,,,3.85555494112558e-05,-0.0002679137496132381,0,1
-0.47358,-0.00034,-0.0003024223596276222,-0.0004883736942151453,0.0,0.0,0.0,,,4.0026257477530297e-05,-0.0002623961021500919,0,1
-0.304796,-0.00034,-0.00029830747430342004,-0.00048571515176812276,0.0,0.0,0.0,,,4.157919126690818e-05,-0.0002567282830365119,0,1
-0.140257,-0.000329,-0.000294296080354,-0.00048310939055173094,0.0,0.0,0.0,,,4.315104592728991e-05,-0.0002511450344267101,0,1
0.036548,-0.000337,-0.00028998564630962635,-0.00048029361886187496,0.0,0.0,0.0,,,4.490637237770698e-05,-0.0002450792739319194,0,1
0.202339,-0.000327,-0.00028594372910903387,-0.0004776381741848398,0.0,0.0,0.0,,,4.6617167929743005e-05,-0.00023932656117929085,0,1
0.370744,-0.000319,-0.00028183808365080164,-0.0004749256614456264,0.0,0.0,0.0,,,4.842167617100594e-05,-0.0002334164074797957,0,1
0.535309,-0.000318,-0.00027782605583194834,-0.000472259949141509,0.0,0.0,0.0,,,5.025249794925545e-05,-0.00022757355788269288,0,1
0.700046,-0.000313,-0.00027380983472299783,-0.00046957629436228366,0.0,0.0,0.0,,,5.215456603754672e-05,-0.0002216552686854511,0,1
0.87151,-0.000303,-0.0002696296120879791,-0.0004667666658889889,0.0,0.0,0.0,,,5.4210807198997853e-05,-0.00021541880488898125,0,1
1.036005,-0.000305,-0.000265619290840677,-0.0004640552446209441,0.0,0.0,0.0,,,5.6259627662744314e-05,-0.00020935966317793268,0,1
1.204602,-0.000295,-0.0002615089645004758,-0.0004612596694498781,0.0,0.0,0.0,,,5.843991714826615e-05,-0.0002030690473522096,0,1
1.368063,-0.000289,-0.00025752385175294395,-0.0004585329835686236,0.0,0.0,0.0,,,6.063442996946894e-05,-0.000196889421783475,0,1
1.539871,-0.000288,-0.0002533352425377308,-0.0004556494740247702,0.0,0.0,0.0,,,6.30298870694477e-05,-0.0001903053554682831,0,1
1.704873,-0.000269,-0.0002493125608364795,-0.00045286290855204783,0.0,0.0,0.0,,,6.541949167726725e-05,-0.00018389306915921223,0,1
1.873369,-0.00027,-0.0002452046968352307,-0.00044999952909775413,0.0,0.0,0.0,,,6.79532153408313e-05,-0.00017725148149439938,0,1
2.039372,-0.000267,-0.00024115761116079746,-0.0004471605847867516,0.0,0.0,0.0,,,7.054539788853514e-05,-0.00017061221327226232,0,1
2.203361,-0.000257,-0.00023715962598785102,-0.0004443382741007126,0.0,0.0,0.0,,,7.320320708721836e-05,-0.00016395641890063265,0,1
2.375636,-0.000257,-0.0002329596315024322,-0.0004413539201122567,0.0,0.0,0.0,,,7.610322780385277e-05,-0.00015685640369857942,0,1
2.539955,-0.000254,-0.00022895360106360162,-0.0004384884637539796,0.0,0.0,0.0,,,7.897630646012981e-05,-0.0001499772946034718,0,1
2.708109,-0.000237,-0.00022485407488336,-0.0004355366143100542,0.0,0.0,0.0,,,8.202876416026891e-05,-0.0001428253107230911,0,1
2.873252,-0.000235,-0.0002208279556594127,-0.00043261801835083253,0.0,0.0,3.579635482061388e-06,,,8.51413661858485e-05,-0.0001356865894735642,0,1
3.04046,-0.000214,-0.00021675149257470563,-0.0004296427281585236,2.7514925747056346e-06,1.204571757872511e-06,8.910910656621542e-06,-12.803367039085298,,8.841324101812203e-05,-0.0001283382515565836,0,1
3.205472,-0.000213,-0.00021272856707751838,-0.00042668617412854433,0.0,2.952935354418048e-06,1.2631756944773724e-05,,,9.176539254378903e-05,-0.00012096317453372935,0,1
3.377556,-0.000208,-0.0002085332290944749,-0.0004235809281320643,5.332290944749069e-07,5.4921063234486205e-06,1.7244965972529934e-05,-14.444314684348619,,9.539666419070437e-05,-0.00011313656490377053,0,1
3.542623,-0.000198,-0.00020450896271964028,-0.00042058076054902094,6.508962719640294e-06,8.73286686308037e-06,1.989919691983343e-05,-11.942330450899982,,9.901481745458186e-05,-0.00010549414526505842,0,1
3.706266,-0.000189,-0.0002005194128860754,-0.0004175851985803725,1.1519412886075382e-05,1.2032416486462066e-05,2.3591467812351064e-05,-11.371476868745678,,0.00010273719972317944,-9.778221316289595e-05,0,1
3.874035,-0.000177,-0.00019642927284936525,-0.00041449163404830525,1.942927284936526e-05,1.6580009968062746e-05,2.8986816956121408e-05,-10.848729719394358,,0.00010669875846425413,-8.973051438511112e-05,0,1
4.040576,-0.000175,-0.00019236907095358157,-0.00041139770605715055,1.7369070953581568e-05,2.171839756730679e-05,3.2479510365330664e-05,-10.9608194648307,,0.00011078239122993159,-8.158667972364998e-05,0,1
4.211798,-0.000159,-0.00018819474818021118,-0.00040819236852053276,2.919474818021119e-05,2.7565822623594512e-05,3.5850813253230076e-05,-10.441521721708302,,0.000115143803438153,-7.305094474205818e-05,0,1
4.375551,-0.000149,-0.00018420251659135157,-0.00040510312750638135,3.5202516591351584e-05,3.370268766687962e-05,3.998483382799447e-05,-10.254392983843314,,0.00011947550575198312,-6.472701083936846e-05,0,1
4.543505,-0.000138,-0.00018010786632982763,-0.00040190996762844204,4.210786632982764e-05,4.085041851426046e-05,4.193569097236771e-05,-10.075275986040488,,0.0001240876725577932,-5.602019377203444e-05,0,1
4.708487,-0.000128,-0.000176085672220448,-0.0003987484165519612,4.808567222044802e-05,4.766825320751353e-05,4.432684001195962e-05,-9.94252630006084,,0.00012879153406993038,-4.7294138150517635e-05,0,1
4.880949,-0.000115,-0.00017188111875102817,-0.0003954165038605855,5.688111875102816e-05,5.585417456485963e-05,4.779948000636276e-05,-9.774547104044075,,0.00013389939053641317,-3.7981728214614994e-05,0,1
5.044396,-0.000106,-0.00016789634731780657,-0.00039223263592791786,6.189634731780657e-05,6.371865695676383e-05,4.656255724697135e-05,-9.690049389420233,,0.00013892708923940122,-2.8969258078405353e-05,0,1
5.208148,-9.59367e-05,-0.00016390414010854053,-0.00038901669659158986,6.796744010854052e-05,7.108844800073325e-05,4.592282168723691e-05,-9.596481789393223,,0.0001441534846916684,-1.9750655416872134e-05,0,1
5.377858,-7.4476e-05,-0.00015976667928067561,-0.0003856554499094859,8.529067928067562e-05,7.90432988473963e-05,4.876841854533736e-05,-9.36944537930015,,0.00014977760878059877,-9.989070500076848e-06,0,1
5.543782,-6.873273e-05,-0.00015572151959413586,-0.0003823406210988014,8.698878959413586e-05,8.744259687040452e-05,5.00115828057193e-05,-9.349731302852058,,0.0001554883416200464,-2.3317797408946837e-07,0,1
5.713096,-5.519371e-05,-0.00015159371308533188,-0.00037892817551165816,9.640000308533189e-05,9.5804905341928e-05,5.057298437952703e-05,-9.247004324342257,,0.00016154026611371107,9.946553028379184e-06,0,1
5.878326,-4.372811e-05,-0.0001475654728367424,-0.0003755681492763439,0.00010383736283674238,0.00010435193403354502,5.1578895023979016e-05,-9.172684701741405,,0.00016767324177520933,2.010776893846694e-05,0,1
6.052924,-2.603355e-05,-0.000143308844555418,-0.00037198464199416037,0.00011727529455541801,0.00011332998394241719,5.540835230027902e-05,-9.050986442088716,,0.0001744071355371918,3.10982909817738e-05,0,1
6.216297,-2.0125e-05,-0.00013932587721212194,-0.00036859997073351793,0.00011920087721212194,0.0001229917174710229,6.146480760560837e-05,-9.034700444198007,,0.0001809528126259235,4.162693541380158e-05,0,1
6.369089,3.721895e-06,-0.00013560087034858331,-0.0003654061404528927,0.0001393227653485833,0.00013271538216276472,6.08970120574995e-05,-8.878717263764642,-8.582816622693647,0.0001872966896554493,5.169581930686599e-05,1,1
6.543776,6.376576e-06,-0.00013134207228342957,-0.0003617200866421843,0.00013771864828342957,0.00014280549399219364,7.088786209571377e-05,-8.890297734504145,-8.543421222026003,0.00019482258734278843,6.348051505935886e-05,1,1
6.67836,2.2207e-05,-0.00012806096905994616,-0.0003588544215586494,0.00015026796905994616,0.00015370694763273631,7.944133568515489e-05,-8.80309039729084,-8.513069847261688,0.00020082637136685445,7.27654023069083e-05,1,1
6.840446,4.433747e-05,-0.00012410937825359816,-0.0003553724903338968,0.00016844684825359816,0.00016627879520225445,9.319509146683803e-05,-8.688890298565184,-8.476516223279276,0.0002083031216942758,8.419374344067763e-05,1,1
6.960255,5.657647e-05,-0.00012118848352538137,-0.00035277666422374915,0.0001777649535253814,0.0001788287862270017,0.00010280429309086393,-8.635048366094308,-8.44949690553617,0.00021400805455651335,9.281957103113197e-05,1,1
7.091735,6.943339e-05,-0.00011798305456039594,-0.000349905807827474,0.00018741644456039594,0.0001920647547738476,8.39789464378312e-05,-8.582177440887147,-8.419845544646225,0.00022044869968261874,0.0001024656451222228,1,1
7.378593,9.808705e-05,-0.00011098957310285259,-0.00034355902823857907,0.0002090766231028526,0.00020570918152326324,7.172425959993845e-05,-8.472809755470319,-8.35515334748949,0.000235181418628739,0.00012419184552588642,1,1
7.552689,0.000111,-0.00010674518337750952,-0.00033964930032270835,0.0002177451833775095,0.00022074874610159104,8.847777619922891e-05,-8.432185062441825,-8.315891229102695,0.0002445988028347706,0.0001378536194572611,1,1
7.716159,0.000134,-0.00010275985121363537,-0.00033593678494896103,0.00023675985121363537,0.00023553318546517085,9.371098005602017e-05,-8.348464216568898,-8.279025485531967,0.00025378439613287255,0.00015102454491923718,1,1
7.884199,0.00015,-9.866310430706288e-05,-0.0003320772231659944,0.00024866310430706287,0.0002518451757064733,9.83999926048246e-05,-8.299411572374149,-8.241129115863986,0.00026358646171247214,0.00016492335740540926,1,1
8.048707,0.000177,-9.465246612504408e-05,-0.0003282548283901382,0.0002716524661250441,0.0002682466243268143,0.00010560170735719667,-8.210987006690099,-8.204029282602022,0.0002735491396462317,0.0001788966735211876,1,1
8.213699,0.000202,-9.06300282197286e-05,-0.00032437594940874537,0.00029263002821972863,0.0002866466595312882,0.00011092646792484982,-8.136601449149257,-8.166820297692121,0.00028391936172979373,0.00019328933351006513,1,1
8.385262,0.000226,-8.644739200494461e-05,-0.0003202927750571396,0.0003124473920049446,0.0003055715158678058,0.00011035199430159143,-8.071074448543703,-8.128129421297524,0.0002951197294867366,0.00020867233748179197,1,1
8.550468,0.000231,-8.241973686660124e-05,-0.00031631108507383047,0.00031341973686660127,0.00032380924749696866,0.00011287224571448237,-8.067967253424781,-8.0908721751218,0.000306322473750275,0.00022390273688367376,1,1
8.717959,0.000257,-7.833637435690868e-05,-0.00031222249202002023,0.0003353363743569087,0.00034313517785060653,0.00012084139815474334,-8.000376427355047,-8.053099615897448,0.00031811436041159633,0.00023977798605468765,1,1
8.883447,0.00029,-7.430184417317343e-05,-0.00030812951591482364,0.00036430184417317346,0.000364025167338253,0.00012155961297615923,-7.917527791724925,-8.015778773100406,0.0003302109804479304,0.000255909136274757,1,1
9.055028,0.000315,-7.011876912570484e-05,-0.00030382762810925325,0.00038511876912570485,0.00038405116103197167,0.00011821323239290596,-7.861958780014531,-7.977083837347003,0.000343238904955744,0.0002731201358300392,1,1
9.218851,0.000331,-6.612483096529403e-05,-0.0002996626232749712,0.0003971248309652941,0.00040365162999516887,0.00011132368557828618,-7.831259891020781,-7.940138485239659,0.0003561571523830527,0.0002900323214177587,1,1
9.386767,0.000369,-6.203110712832646e-05,-0.00029533260738783814,0.0004310311071283265,0.0004209126067119667,0.00011508224067533737,-7.749330296153304,-7.902270080043463,0.00036990287749377287,0.0003078717703654464,1,1
9.552741,0.000391,-5.798472846210733e-05,-0.00029098935776545546,0.00044898472846210735,0.00044202899284501564,0.00013000324748286738,-7.708521683134289,-7.864839634558617,0.00038401089454862805,0.0003260261660865207,1,1
9.717819,0.00042,-5.396019391174322e-05,-0.0002866042760083795,0.00047396019391174327,0.00046394548032047085,0.00013802476052589881,-7.654387218884788,-7.827611254934412,0.00039857644154333053,0.0003446162476315873,1,1
9.883335,0.00044,-4.992498109938749e-05,-0.0002821391420494448,0.0004899249810993875,0.0004876637646843222,0.0001479232560928519,-7.6212582783777405,-7.790284097579225,0.0004137353260760163,0.00036381034497662886,1,1
10.050782,0.000453,-4.584269129181284e-05,-0.0002775488291309319,0.0004988426912918128,0.0005132164143254908,0.00014867256640081262,-7.603219759826023,-7.752521461231959,0.000429657808088833,0.00038381511679702016,1,1
10.222456,0.000494,-4.165734894214055e-05,-0.00027276245100002494,0.0005356573489421405,0.0005380481203328621,0.00013988361066446424,-7.532015875678131,-7.713805552124716,0.00044661860861687584,0.0004049612596747353,1,1
10.389964,0.00052,-3.7573571979356945e-05,-0.0002680098427796687,0.0005575735719793569,0.0005607016038740781,0.0001365210456007221,-7.491916095660992,-7.676029159061491,0.0004638129745604059,0.000426239402581049,1,1
10.555436,0.000525,-3.35394318691191e-05,-0.0002632307644821156,0.0005585394318691191,0.0005835017061718585,0.00014449415026704165,-7.490185338779679,-7.638711924583388,0.00048144819441884744,0.00044790876254972834,1,1
10.720067,0.000558,-2.9525794997088965e-05,-0.0002583882706199985,0.000587525794997089,0.000608388305749255,0.00014887891385623837,-7.439590406531793,-7.6015843523695725,0.0004996591698042944,0.0004701333748072054,1,1
10.890216,0.000603,-2.5377631527638816e-05,-0.0002532861990425084,0.0006283776315276388,0.0006333177263689515,0.00013127813879224275,-7.372369248130363,-7.563212361161304,0.0005192046891308512,0.0004938270576032124,1,1
11.054874,0.000675,-2.1363336406581836e-05,-0.0002482489625113763,0.0006963633364065818,0.0006525057792738707,0.00011901525844536546,-7.269638998775829,-7.526078699909277,0.0005388471004625016,0.0005174837640559197,1,1
11.22125,0.000672,-1.7307157143740175e-05,-0.0002430531564073526,0.0006893071571437402,0.0006727243977611946,0.0001140927108085497,-7.279823584920798,-7.488557595411061,0.0005594493310657456,0.0005421421739220055,1,1
11.385322,0.000693,-1.3307148464525883e-05,-0.0002378181587111488,0.0007063071484645259,0.0006902414920419493,0.00010370381226912102,-7.255460360597463,-7.4515560888402135,0.0005805375409797762,0.0005672303925152503,1,1
11.551078,0.000705,-9.266084549708938e-06,-0.00023240972169361979,0.0007142660845497089,0.0007069184568531872,0.00010347976970880458,-7.244254997611384,-7.414174806700926,0.00060264949029632,0.0005933834057466111,1,1
11.704948,0.000706,-5.514796484282203e-06,-0.000227273949269238,0.0007115147964842823,0.0007232505777820349,9.672236876985454e-05,-7.248114344467496,-7.379474054494235,0.0006239289523477752,0.000618414155863493,1,1
11.877915,0.000738,-1.2979313201002879e-06,-0.0002213585589336918,0.0007392979313201003,0.0007381487927869807,9.101341273035036e-05,-7.209809563565421,-7.340466548112648,0.000648747778276083,0.0006474498469559827,1,1
12.030615,0.000767,0.0,-0.00021600169496351033,0.000767,0.0007527044205935898,9.028073986758547e-05,-7.173023756597018,-7.306029654228448,0.0006714777655073753,0.0006714777655073753,1,1
12.209537,0.000778,0.0,-0.00020955077697475322,0.000778,0.0007678008036632832,8.809718217360311e-05,-7.158784033785882,-7.265679176641358,0.0006991262781283246,0.0006991262781283246,1,1
12.393737,0.00076,0.0,-0.00020269519867711236,0.00076,0.000784734326079096,9.09655270008589e-05,-7.182192124683898,-7.224138404843915,0.0007287801821383094,0.0007287801821383094,1,1
12.545532,0.000749,0.0,-0.00019686632422823933,0.000749,0.000798421780420584,8.022861705512347e-05,-7.196771574447054,-7.189905606499762,0.0007541603049647313,0.0007541603049647313,1,1
12.707765,0.000812,0.0,-0.0001904395053682338,0.000812,0.0008097136723227649,0.0001452880128513922,-7.116010217802597,-7.1533188310870885,0.0007822635677183909,0.0007822635677183909,1,1
12.80909,0.000811,0.0,-0.00018631310622012603,0.000811,0.0008292246362462933,0.00015785703650345105,-7.117242503848861,-7.130468023799489,0.0008003447194458431,0.0008003447194458431,1,1
13.021959,0.000849,0.0,-0.00017733166638101816,0.000849,0.0008473088965629314,7.618060736706758e-05,-7.071451371652927,-7.082461821021258,0.000839703402264305,0.000839703402264305,1,1
13.196283,0.000876,0.0,-0.0001696227078490104,0.000876,0.0008593364028738303,0.0001023650090955586,-7.040144467027883,-7.043148284089568,0.0008733726043374869,0.0008733726043374869,1,1
13.311443,0.000888,0.0,-0.00016433186136533923,0.000888,0.0008736633955609124,0.0001185012374891499,-7.026538814972104,-7.017177408518485,0.0008963519609873234,0.0008963519609873234,1,1
13.465263,0.000902,0.0,-0.0001569869328625903,0.000902,0.0008906773631069739,9.82546541747043e-05,-7.0108960379016505,-6.982487932308482,0.0009279915486214651,0.0009279915486214651,1,1
13.608107,0.000932,0.0,-0.00014984404734126881,0.000932,0.0009030735534488297,6.865660983098611e-05,-6.978177743278683,-6.950273762891359,0.0009583727508823013,0.0009583727508823013,1,1
13.897253,0.00094,0.0,-0.00013422691691018795,0.00094,0.0009123170970905426,0.00019670597570158044,-6.969630682700225,-6.885065576126195,0.0010229490721195514,0.0010229490721195514,1,1
13.930631,0.000887,0.0,-0.00013230550196769103,0.000887,0.000919517489375603,0.00018704367873598757,-7.027665575654694,-6.877538171777361,0.0010306782773443048,0.0010306782773443048,1,1
14.094237,0.000919,0.0,-0.00012245217626541047,0.000919,0.0009271203007518696,3.374872404064873e-05,-6.992224435608587,-6.840641757495643,0.0010694168730771185,0.0010694168730771185,1,1
14.40013,0.000973,0.0,-0.0001014948894789445,0.000973,0.0009301680287675609,3.563385180320542e-05,-6.935126475778269,-6.771656788399904,0.001145794738028582,0.001145794738028582,1,1
14.565617,0.000919,0.0,-8.810301917685155e-05,0.000919,0.0009383631905851484,5.262402815938826e-05,-6.992224435608587,-6.734336171122795,0.0011893644726399632,0.0011893644726399632,1,1
14.734356,0.000912,0.0,-7.192479322060916e-05,0.000912,0.0009477767244197346,6.845900933443241e-05,-6.999870567889943,-6.6962821630211184,0.001235496750039428,0.001235496750039428,1,1
14.899585,0.001005,0.0,-5.136208501524266e-05,0.001005,0.0009611382804838079,8.117914667433567e-05,-6.902767737471098,-6.659019729886919,0.0012824028556284318,0.0012824028556284318,1,1
15.071524,0.000984,0.0,-0.0,0.000984,0.0009751520104609244,0.001702532804315135,-6.92388466091202,-6.620244057997231,0.0013331055508365418,0.0013331055508365418,1,1
15.081021,0.000915,0.0,-0.0,0.000915,0.000992171297809731,0.001696554486839383,-6.996586492688753,,,,0,0
15.235188,0.00097,0.0,-0.0,0.00097,0.001014684537430522,0.00012403418104469874,-6.938214486466846,,,,0,0
15.571093,0.001036,0.0,-0.0,0.001036,0.0010402487741091747,0.00013811618487600662,-6.8723881351448455,,,,0,0
15.736593,0.001097,0.0,-0.0,0.001097,0.0010681634521085206,0.00016097984486686256,-6.815176097689044,,,,0,0
15.908891,0.001093,0.0,-0.0,0.001093,0.0010945207584177718,0.00017200987540479844,-6.818829069787736,,,,0,0
16.07077,0.001156,0.0,-0.0,0.001156,0.001125260542660988,0.00017643444959733684,-6.762789508731951,,,,0,0
16.242327,0.001173,0.0,-0.0,0.001173,0.0011530820529584707,0.00017913361800248918,-6.748190709310799,,,,0,0
16.407928,0.001185,0.0,-0.0,0.001185,0.0011854583197123114,0.00017719751338118655,-6.7380125043950425,,,,0,0
16.576239,0.001196,0.0,-0.0,0.001196,0.0012121503759398365,0.00017543486299373846,-6.728772623453697,,,,0,0
16.742281,0.001258,0.0,-0.0,0.001258,0.0012440395554102512,0.00016729488072181895,-6.678232120703888,,,,0,0
16.914143,0.001286,0.0,-0.0,0.001286,0.0012683867276887732,0.00014398760130259142,-6.656218653166709,,,,0,0
17.079821,0.001274,0.0,-0.0,0.001274,0.0012926129454069817,0.0001334730226937443,-6.665593721832166,,,,0,0
17.248434,0.001311,0.0,-0.0,0.001311,0.0013129300424975338,0.00011409486213706521,-6.636965074200575,,,,0,0
17.413462,0.001344,0.0,-0.0,0.001344,0.0013307250735534342,0.00011837116477831852,-6.61210503688118,,,,0,0
17.579096,0.00135,0.0,-0.0,0.00135,0.0013520836874795536,0.00012257281135139193,-6.607650686531799,,,,0,0
17.751638,0.001331,0.0,-0.0,0.001331,0.00137208630271329,0.00011268281582692535,-6.6218247395691625,,,,0,0
17.915953,0.001462,0.0,-0.0,0.001462,0.0013900938215102821,0.00011205472944274611,-6.52794991765455,,,,0,0
18.084814,0.00137,0.0,-0.0,0.00137,0.001409442955214107,0.00011550890454470157,-6.5929445391421035,,,,0,0
18.249743,0.001421,0.0,-0.0,0.001421,0.0014286423667865158,0.0001100907264534462,-6.556394429867174,,,,0,0
18.421829,0.001436,0.0,-0.0,0.001436,0.0014464527623406186,0.0001274640656566241,-6.545893808356104,,,,0,0
18.587849,0.001536,0.0,-0.0,0.001536,0.0014714530892448352,0.00013887562497630086,-6.478573644256657,,,,0,0
18.756369,0.001442,0.0,-0.0,0.001442,0.0014928532200065218,0.00013608080246376494,-6.54172424011938,,,,0,0
18.921335,0.001485,0.0,-0.0,0.001485,0.0015167701863353872,0.00013347963629072122,-6.512340506727474,,,,0,0
19.087545,0.001551,0.0,-0.0,0.001551,0.001537029748283736,0.00011949065507596817,-6.468855394787735,,,,0,0
19.258724,0.001551,0.0,-0.0,0.001551,0.001557060804184357,0.00010477275398842936,-6.468855394787735,,,,0,0
19.421642,0.001545,0.0,-0.0,0.001545,0.0015722314481856645,9.184469681814723e-05,-6.472731368632428,,,,0,0
19.593468,0.001626,0.0,-0.0,0.001626,0.001587781954887201,0.00011413639672333466,-6.421632267856518,,,,0,0
19.757904,0.001634,0.0,-0.0,0.001634,0.0016102693690748437,0.00011210671342158727,-6.416724282544326,,,,0,0
19.927256,0.001649,0.0,-0.0,0.001649,0.0016249558679306787,6.745769920899359e-05,-6.4075862354046755,,,,0,0
20.092443,0.001674,0.0,-0.0,0.001674,0.0016329950964367262,7.97581088367947e-05,-6.392539306914854,,,,0,0
20.265095,0.001622,0.0,-0.0,0.001622,0.001652375939849606,0.00013526585759748334,-6.424095323288916,,,,0,0
20.430546,0.001693,0.0,-0.0,0.001693,0.0016784043805164906,0.00012920746972436888,-6.381253175831139,,,,0,0
20.596214,0.001627,0.0,-0.0,0.001627,0.0016951467799934433,9.343541041729585e-05,-6.421017450745237,,,,0,0
20.764826,0.001682,0.0,-0.0,0.001682,0.0017095926773455189,8.260619637050215e-05,-6.387771717431381,,,,0,0
20.929462,0.001704,0.0,-0.0,0.001704,0.001722699248120282,8.097082392135788e-05,-6.374776850575013,,,,0,0
21.101267,0.001778,0.0,-0.0,0.001778,0.0017368545276233876,9.322243137616874e-05,-6.3322661418904245,,,,0,0
21.267488,0.001742,0.0,-0.0,0.001742,0.001754091860084976,9.92167235736351e-05,-6.352721400551826,,,,0,0
21.435175,0.001773,0.0,-0.0,0.001773,0.001769970578620445,0.00011372870385078886,-6.335082251890066,,,,0,0
21.600929,0.001789,0.0,-0.0,0.001789,0.0017919405034324749,0.00013933690212709383,-6.326098474455555,,,,0,0
21.77294,0.001944,0.0,-0.0,0.001944,0.0018171203007518598,0.00014641450230656796,-6.24300757294389,,,,0,0
21.938429,0.001815,0.0,-0.0,0.001815,0.001841355017979712,0.00014703461451622598,-6.311669811265323,,,,0,0
22.103294,0.001815,0.0,-0.0,0.001815,0.0018656930369401565,0.00014930968860948912,-6.311669811265323,,,,0,0
22.272711,0.001832,0.0,-0.0,0.001832,0.001891282118339306,0.00014504738422961832,-6.302347012730198,,,,0,0
22.437675,0.001875,0.0,-0.0,0.001875,0.0019142468126838626,0.00013169420995553897,-6.279146619559763,,,,0,0
22.609936,0.001968,0.0,-0.0,0.001968,0.0019355805818894853,0.00012457782433209288,-6.230737480352075,,,,0,0
22.771812,0.001985,0.0,-0.0,0.001985,0.001955858123569773,0.00013015108605428372,-6.222136364842983,,,,0,0
22.944052,0.001941,0.0,-0.0,0.001941,0.001979170644001286,0.00015122938726753066,-6.244551974795264,,,,0,0
23.109156,0.002063,0.0,-0.0,0.002063,0.0020066525008172386,0.00014147892776002723,-6.183594044893022,,,,0,0
23.278114,0.002033,0.0,-0.0,0.002033,0.0020262386400784352,0.00011053553959465036,-6.198242744335928,,,,0,0
23.44272,0.002029,0.0,-0.0,0.002029,0.0020435694671461038,0.00014069583915052482,-6.20021221813846,,,,0,0
23.608644,0.0021,0.0,-0.0,0.0021,0.0020728365478914455,0.0001338080971982009,-6.16581793425276,,,,0,0
23.780058,0.002062,0.0,-0.0,0.002062,0.002088232755802527,6.283835459102403e-05,-6.184078893387369,,,,0,0
23.946054,0.002121,0.0,-0.0,0.002121,0.0020943265773128244,5.5028789830151303e-05,-6.155867603399591,,,,0,0
24.115335,0.002083,0.0,-0.0,0.002083,0.0021068041843739557,7.789720142107551e-05,-6.173946116703302,,,,0,0
24.280621,0.002132,0.0,-0.0,0.002132,0.002120355344883926,7.034245959704893e-05,-6.150694772678539,,,,0,0
24.45191,0.002155,0.0,-0.0,0.002155,0.002130337365151987,5.574314308419686e-05,-6.139964555426426,,,,0,0
24.617308,0.00219,0.0,-0.0,0.00219,0.0021391526642693453,5.838262582128981e-05,-6.123853735153728,,,,0,0
24.785898,0.00207,0.0,-0.0,0.00207,0.002149869238313151,9.38673872554691e-05,-6.18020667170486,,,,0,0
24.95108,0.002159,0.0,-0.0,0.002159,0.0021702785223929153,0.0001075048322192601,-6.138110127449467,,,,0,0
25.11721,0.002174,0.0,-0.0,0.002174,0.0021854563582869983,8.648361961578494e-05,-6.1311864902831195,,,,0,0
25.289282,0.002156,0.0,-0.0,0.002156,0.0021994684537430293,0.00010816226160832634,-6.139500625935386,,,,0,0
25.454752,0.002213,0.0,-0.0,0.002213,0.0022216194834913127,0.00013864900838563444,-6.113406217913225,,,,0,0
25.623518,0.002329,0.0,-0.0,0.002329,0.002245841778358916,0.00011133026203915316,-6.062316288079933,,,,0,0
25.789511,0.002233,0.0,-0.0,0.002233,0.0022590653808433887,8.272568391889685e-05,-6.104409306124116,,,,0,0
25.961161,0.002202,0.0,-0.0,0.002202,0.0022738087610329927,0.00011352951784398928,-6.1183892406816485,,,,0,0
26.122402,0.002323,0.0,-0.0,0.002323,0.0022963004249754574,0.00012441380010394867,-6.064895825193865,,,,0,0
26.294849,0.002389,0.0,-0.0,0.002389,0.002314974501471044,8.975160001465764e-05,-6.036880410638465,,,,0,0
26.459774,0.002329,0.0,-0.0,0.002329,0.002326852893102296,5.665849621025107e-05,-6.062316288079933,,,,0,0
26.623781,0.002311,0.0,-0.0,0.002311,0.0023336394246485526,3.757611839535959e-05,-6.070074947689894,,,,0,0
26.791895,0.002364,0.0,-0.0,0.002364,0.002339301078783891,1.753127218118676e-05,-6.047400179438285,,,,0,0
26.95685,0.002381,0.0,-0.0,0.002381,0.0023395796011768297,-1.5270703140553114e-05,-6.040234711477411,,,,0,0
27.128082,0.00234,0.0,-0.0,0.00234,0.002333950310558981,-2.3442827607102028e-05,-6.057604349612527,,,,0,0
27.29266,0.002236,0.0,-0.0,0.002236,0.0023315841778358687,1.9938408536373728e-05,-6.103066723689285,,,,0,0
27.462179,0.002425,0.0,-0.0,0.002425,0.002340955867930671,1.716536227074246e-05,-6.021923754592691,,,,0,0
27.626944,0.002368,0.0,-0.0,0.002368,0.0023376796338672517,-1.9658279962022837e-05,-6.045709561960378,,,,0,0
27.798279,0.002265,0.0,-0.0,0.002265,0.0023343517489375363,-7.508964215943888e-06,-6.09018052004714,,,,0,0
27.964287,0.002286,0.0,-0.0,0.002286,0.0023350215756783007,4.6190936306099266e-05,-6.080951713609518,,,,0,0
28.128222,0.002399,0.0,-0.0,0.002399,0.0023494184373978166,8.02221658790037e-05,-6.03270329512458,,,,0,0
28.295275,0.00231,0.0,-0.0,0.00231,0.002361526315789448,6.256426914063185e-05,-6.0705077544484345,,,,0,0
28.460835,0.002345,0.0,-0.0,0.002345,0.002370257600523021,9.80417684060611e-05,-6.055469877083895,,,,0,0
28.631908,0.002402,0.0,-0.0,0.002402,0.0023950382477933704,0.0001403841366668752,-6.031453555324346,,,,0,0
28.797415,0.002446,0.0,-0.0,0.002446,0.002417557044785851,0.00013838357538997845,-6.013301241717157,,,,0,0
28.965517,0.002446,0.0,-0.0,0.002446,0.00244121641059167,0.00010783544523746465,-6.013301241717157,,,,0,0
29.130323,0.002411,0.0,-0.0,0.002411,0.002453671134357607,0.00011461018932087692,-6.027713679783103,,,,0,0
29.29845,0.002515,0.0,-0.0,0.002515,0.0024796358287021633,0.00014983535330215757,-5.985482475430435,,,,0,0
29.463381,0.002487,0.0,-0.0,0.002487,0.0025036041189931075,8.916769883702148e-05,-5.996678114160869,,,,0,0
29.628092,0.002579,0.0,-0.0,0.002579,0.0025090539391957882,4.89829065750012e-05,-5.960353552082929,,,,0,0
29.79867,0.002524,0.0,-0.0,0.002524,0.0025202173913043205,9.645438180625777e-05,-5.98191033430317,,,,0,0
29.96324,0.002551,0.0,-0.0,0.002551,0.0025410143837855236,0.00011285812219207717,-5.971269839822463,,,,0,0
30.130774,0.002632,0.0,-0.0,0.002632,0.0025576171951617894,9.86746219876801e-05,-5.940011265519066,,,,0,0
30.2962,0.0025,0.0,-0.0,0.0025,0.0025738708728342318,0.00010733793174501436,-5.991464547107982,,,,0,0
30.468414,0.002581,0.0,-0.0,0.002581,0.0025939846355017694,0.00011947443157141018,-5.95957835824566,,,,0,0
30.633701,0.002556,0.0,-0.0,0.002556,0.0026141572409283794,0.00013524832421653657,-5.969311742466848,,,,0,0
30.801937,0.002597,0.0,-0.0,0.002597,0.00263917162471393,0.00010295874377271204,-5.953398346301526,,,,0,0
30.965792,0.002609,0.0,-0.0,0.002609,0.0026487443609022267,7.608748931921608e-05,-5.948788272827546,,,,0,0
31.131378,0.002614,0.0,-0.0,0.002614,0.002664299444262802,9.872001067075947e-05,-5.9468736637801065,,,,0,0
31.302397,0.002794,0.0,-0.0,0.002794,0.0026820268061457705,0.00010746508597210894,-5.880281018147367,,,,0,0
31.467489,0.002757,0.0,-0.0,0.002757,0.002700375286041161,7.95706788804685e-05,-5.893612146940478,,,,0,0
31.634619,0.002761,0.0,-0.0,0.002761,0.002708332461588725,5.316349554544339e-05,-5.8921623460341195,,,,0,0
31.799948,0.002737,0.0,-0.0,0.002737,0.0027180300751879407,7.590855967868314e-05,-5.900892848923595,,,,0,0
31.97296,0.00275,0.0,-0.0,0.00275,0.0027342866949983356,6.749468489773702e-05,-5.896154367303657,,,,0,0
32.136417,0.002729,0.0,-0.0,0.002729,0.002741231775089869,6.152552305486135e-05,-5.903820037255936,,,,0,0
32.304966,0.002758,0.0,-0.0,0.002758,0.0027549104282444943,7.271500889432549e-05,-5.893249499611027,,,,0,0
32.469894,0.002657,0.0,-0.0,0.002657,0.0027655410264792115,9.384935468037016e-05,-5.930557612204461,,,,0,0
32.634113,0.002788,0.0,-0.0,0.002788,0.002785759071591993,9.67675069004463e-05,-5.88243078608386,,,,0,0
32.802631,0.002797,0.0,-0.0,0.002797,0.0027975096436743726,1.394466309786839e-05,-5.879207864762314,,,,0,0
32.968052,0.002714,0.0,-0.0,0.002714,0.002790758090879342,2.848815739500167e-05,-5.90933171756946,,,,0,0
33.139996,0.002771,0.0,-0.0,0.002771,0.0028080424975481877,6.768150293310314e-05,-5.888547013101296,,,,0,0
33.303715,0.002868,0.0,-0.0,0.002868,0.002814003595946357,6.575293864995342e-05,-5.854140356244764,,,,0,0
33.471123,0.002886,0.0,-0.0,0.002886,0.002830033998038544,0.00010135945010346023,-5.847883818630458,,,,0,0
33.636879,0.002913,0.0,-0.0,0.002913,0.002847754494932954,9.747398889385465e-05,-5.838571801004839,,,,0,0
33.808411,0.00293,0.0,-0.0,0.00293,0.0028627999346191252,7.969419924892286e-05,-5.832752855953161,,,,0,0
33.97324,0.002908,0.0,-0.0,0.002908,0.0028746659038901288,9.129985700596574e-05,-5.8402897193108645,,,,0,0
34.137825,0.002907,0.0,-0.0,0.002907,0.002892865969270972,0.00010158865733422492,-5.840633657405398,,,,0,0
34.305412,0.00275,0.0,-0.0,0.00275,0.0029083563255965683,8.9394551819999e-05,-5.896154367303657,,,,0,0
34.471638,0.002789,0.0,-0.0,0.002789,0.002922715266426905,0.0001066938200285153,-5.8820721703367855,,,,0,0
34.641811,0.003017,0.0,-0.0,0.003017,0.0029444102647923835,7.879028522973786e-05,-5.803492318805213,,,,0,0
34.807102,0.002886,0.0,-0.0,0.002886,0.002949615233736483,5.722626897879633e-05,-5.847883818630458,,,,0,0
34.97401,0.003062,0.0,-0.0,0.003062,0.002963504413206898,9.518790221548293e-05,-5.788686981746645,,,,0,0
35.140774,0.002989,0.0,-0.0,0.002989,0.002981373324615855,8.313488726319554e-05,-5.812816395680336,,,,0,0
35.312759,0.002965,0.0,-0.0,0.002965,0.0029914115724092513,6.412700471094233e-05,-5.820878246532448,,,,0,0
35.476696,0.003036,0.0,-0.0,0.003036,0.0030028244524354037,9.703729201708707e-05,-5.797214419448753,,,,0,0
35.64085,0.003096,0.0,-0.0,0.003096,0.0030232605426609676,0.00010813340073553314,-5.777644323254656,,,,0,0
35.809216,0.003069,0.0,-0.0,0.003069,0.0030386413860738473,8.516363050159459e-05,-5.786403503344538,,,,0,0
35.974506,0.002977,0.0,-0.0,0.002977,0.0030517136319058186,3.63433763465662e-05,-5.816839196948497,,,,0,0
36.142155,0.003094,0.0,-0.0,0.003094,0.003050538411245472,-1.3233666754177559e-05,-5.778290526831262,,,,0,0
36.306999,0.002997,0.0,-0.0,0.002997,0.0030473481529911402,2.9763271500886368e-05,-5.810143490647611,,,,0,0
36.478756,0.003112,0.0,-0.0,0.003112,0.0030612500817260207,2.991090419549383e-05,-5.7724896726659916,,,,0,0
36.642071,0.002999,0.0,-0.0,0.002999,0.0030582108532199734,2.2374992594794904e-05,-5.809476379215265,,,,0,0
36.811188,0.002987,0.0,-0.0,0.002987,0.0030691722785223595,4.603388835421225e-05,-5.813485739748164,,,,0,0
36.976753,0.003104,0.0,-0.0,0.003104,0.003073749591369695,5.5237503060811405e-05,-5.775063676661165,,,,0,0
37.14143,0.003141,0.0,-0.0,0.003141,0.0030873651520104276,3.5911773856230414e-05,-5.7632140584256275,,,,0,0
37.31287,0.003051,0.0,-0.0,0.003051,0.0030851745668518792,1.6869726033531124e-05,-5.792285873247605,,,,0,0
37.47773,0.003098,0.0,-0.0,0.003098,0.003092655769859398,4.302360306441405e-05,-5.776998536987461,,,,0,0
37.646271,0.003134,0.0,-0.0,0.003134,0.003099501144164726,3.942324132590741e-05,-5.765445135048308,,,,0,0
37.810635,0.00314,0.0,-0.0,0.00314,0.003105789800588394,4.108576392652594e-05,-5.763532479061975,,,,0,0
37.982922,0.003128,0.0,-0.0,0.003128,0.0031133785550833265,4.647102591332809e-05,-5.7673614562990725,,,,0,0
38.147121,0.003076,0.0,-0.0,0.003076,0.0031213883622098386,6.20630273773879e-05,-5.784125227338739,,,,0,0
38.314301,0.003158,0.0,-0.0,0.003158,0.003134024844720463,4.8025855756056446e-05,-5.757816363148686,,,,0,0
38.47963,0.003136,0.0,-0.0,0.003136,0.0031374588546464956,2.1747271808507038e-05,-5.764807176493975,,,,0,0
38.64262,0.003167,0.0,-0.0,0.003167,0.003141160351471562,2.421439632969806e-05,-5.754970511425634,,,,0,0
38.814995,0.002965,0.0,-0.0,0.002965,0.0031456085668717226,3.0127819670393644e-05,-5.820878246532448,,,,0,0
38.980526,0.003222,0.0,-0.0,0.003222,0.003151282732523005,3.925326502410113e-05,-5.737752994227354,,,,0,0
39.14724,0.003196,0.0,-0.0,0.003196,0.003158662080101437,5.085887821376124e-05,-5.745855251078109,,,,0,0
39.313725,0.003229,0.0,-0.0,0.003229,0.0031682258412830478,6.503014901536146e-05,-5.735582787205999,,,,0,0
39.48193,0.00315,0.0,-0.0,0.00315,0.003180453247743864,8.307586693413749e-05,-5.7603528261445955,,,,0,0
39.646759,0.00326,0.0,-0.0,0.00326,0.0031958235311599138,0.00010190337506124462,-5.726028083603521,,,,0,0
39.818024,0.00317,0.0,-0.0,0.00317,0.0032148159232072257,0.00012596510658539548,-5.754023691092947,,,,0,0
39.982468,0.003222,0.0,-0.0,0.003222,0.0032379096555618277,0.00014043523846782188,-5.737752994227354,,,,0,0
