,Atomic Number,Symbol,Name,Atomic Mass [kg],Electron Configuration,Electronegativity [Pauling],Atomic Radius [m],Ionization Energy [eV],Electron Affinity [eV],Oxidation States,Standard State,Melting Point [K],Boiling Point [K],Density [kg/m^3],Group Block,Vapor Ref Temperatures [K],Vapor Ref Pressures [Pa],Molar Mass [kg/mol],R_sp [J/kg/K],Heat Capacity [J/kg/K],Heat of Vaporization [J/kg],Heat of Fusion [J/kg],Clausius Constant,Clausius Errors,T(1 Torr) [K]
0,1,H,Hydrogen,1.6737839999999998e-27,1s1,2.2,1.2e-10,13.598,0.754,"+1, -1",Gas,13.81,20.28,0.08988,Nonmetal,"[15.0, 20.0]","[10000.0, 100000.0]",0.00100796946264,8248.376134554997,14304.0,421639.75770344376,58037.472530944615,12.618201109857784,"[8.881784197001252e-16, -0.7655750789653909]",6.616833698593803
1,2,He,Helium,6.6463173e-27,1s2,,1.4e-10,24.587,,0,Gas,0.95,4.22,0.1785,Noble gas,"[3.0, 4.0]","[10000.0, 100000.0]",0.004002478741233,2077.240579531164,5193.0,20712.164975662534,3447.863409700156,12.534006903392475,"[8.881784197001252e-16, -0.7704578164697877]",1.3048929300523895
2,3,Li,Lithium,1.1623499999999999e-26,[He]2s1,0.98,1.82e-10,5.392,0.618,+1,Solid,453.65,1615.0,534.0,Alkali metal,"[797.0, 885.0, 995.0, 1144.0, 1337.0, 1610.0]","[1.0, 10.0, 100.0, 1000.0, 10000.0, 100000.0]",0.006999787935,1187.7661633759194,3582.0,19429160.03497469,428584.41253620636,21.00131885224618,"[0.6115378956801831, 0.2403843392574827, -0.04283791261524017, -0.18547715989099278, -0.358325991621366, -0.48915461897263346]",1015.4687988492152
3,4,Be,Beryllium,1.49647298715e-26,[He]2s2,1.57,1.53e-10,9.323,,+2,Solid,1560.0,2744.0,1850.0,Alkaline earth metal,"[1462.0, 1608.0, 1791.0, 2023.0, 2327.0, 2742.0]","[1.0, 10.0, 100.0, 1000.0, 10000.0, 100000.0]",0.009011909975916015,922.5692757938266,1825.0,32401566.458204623,876062.9013271421,24.190652503132434,"[0.18302247761812818, 0.047746991702939834, -0.02394811826396681, -0.07499751121433829, -0.1064172493276121, -0.12261658830573574]",1819.9409618159798
4,5,B,Boron,1.7950005e-26,[He]2s2 2p1,2.04,1.92e-10,8.298,0.277,+3,Solid,2348.0,4273.0,2370.0,Metalloid,"[2348.0, 2562.0, 2822.0, 3141.0, 3545.0, 4072.0]","[1.0, 10.0, 100.0, 1000.0, 10000.0, 100000.0]",0.010809672511049999,769.1362760066083,1026.0,46994948.2262951,4643988.978267744,26.247494607541505,"[0.25225814550189884, 0.10074521652213853, -0.009275948127828948, -0.1068164042391404, -0.18016607964935916, -0.23705772219147137]",2861.237111439276
5,6,C,Carbon,1.9944265499999997e-26,[He]2s2 2p2,2.55,1.7e-10,11.26,1.263,"+4, +2, -4",Solid,3823.0,4098.0,2267.0,Nonmetal,"[2839.0, 3048.0, 3289.0, 3572.0, 3908.0]","[10.0, 100.0, 1000.0, 10000.0, 100000.0]",0.012010636126754999,692.2290520049485,709.0,59530568.777057506,9741365.799882136,32.93882006410486,"[0.4112182612936919, 0.1263273461813066, -0.10970668530919103, -0.29334396605375457, -0.4400059122902089]",3066.326966480485
6,6,C,Carbon,1.9944265499999997e-26,[He]2s2 2p2,2.55,1.7e-10,11.26,1.263,"+4, +2, -4",Solid,3823.0,4098.0,2267.0,Nonmetal,"[2839.0, 3048.0, 3289.0, 3572.0, 3908.0]","[10.0, 100.0, 1000.0, 10000.0, 100000.0]",0.012010636126754999,692.2290520049485,509.0,59530568.777057506,9741365.799882136,32.93882006410486,"[0.4112182612936919, 0.1263273461813066, -0.10970668530919103, -0.29334396605375457, -0.4400059122902089]",3066.326966480485
7,7,N,Nitrogen,2.3258623499999997e-26,[He] 2s2 2p3,3.04,1.55e-10,14.534,,"+5, +4, +3, +2, +1, -1, -2, -3",Gas,63.15,77.36,1.2506,Nonmetal,"[37.0, 41.0, 46.0, 53.0, 62.0, 77.0]","[1.0, 10.0, 100.0, 1000.0, 10000.0, 100000.0]",0.014006575657934998,593.5862885436879,1040.0,199192.15575146026,25702.213645349708,11.863862301210423,"[15.351070058519802, 2.961189049465286, -0.03574159035804769, -0.7472814486688327, -0.9366425495950913, -0.981815173264637]",48.13792513950408
8,8,O,Oxygen,2.65663395e-26,[He]2s2 2p4,3.44,1.52e-10,13.618,1.461,-2,Gas,54.36,90.2,1.4289999999999998,Nonmetal,"[61.0, 73.0, 90.0]","[1000.0, 10000.0, 100000.0]",0.015998515310295,519.6801764879953,918.0,213144.77836613217,13876.287623836171,14.230120409332553,"[0.8196773056469664, -0.45045201316919226, -0.8411799585566255]",43.92530261383202
9,9,F,Fluorine,3.1546848447179995e-26,[He]2s2 2p5,3.98,1.35e-10,17.423,3.339,-1,Gas,53.53,85.03,1.696,Halogen,"[38.0, 44.0, 50.0, 58.0, 69.0, 85.0]","[1.0, 10.0, 100.0, 1000.0, 10000.0, 100000.0]",0.018997827603376264,437.63484086582764,824.0,172124.94334977862,13685.775312214813,12.532449910406473,"[7.866320344719673, 2.6366550825428683, 0.06304272542493838, -0.6854034838146412, -0.9072636838255114, -0.9728836751224014]",51.48214125668839
10,10,Ne,Neon,3.350889e-26,[He]2s2 2p6,,1.5399999999999999e-10,21.565,,0,Gas,24.56,27.07,0.8999,Noble gas,"[12.0, 13.0, 15.0, 18.0, 21.0, 27.0]","[1.0, 10.0, 100.0, 1000.0, 10000.0, 100000.0]",0.0201793886469,412.0100665823308,1030.0,84739.93092266915,16601.09757841764,18.183699876413073,"[1.8410252451245848, 0.061842552757078284, -0.1246208915345397, -0.13964655730840425, -0.5598591243242845, -0.6120181231907427]",15.474792063646053
11,11,Na,Sodium,3.8174511922649995e-26,[Ne]3s1,0.93,2.27e-10,5.139,0.548,+1,Solid,370.95,1156.0,970.0,Alkali metal,"[554.0, 617.0, 697.0, 802.0, 946.0, 1153.0]","[1.0, 10.0, 100.0, 1000.0, 10000.0, 100000.0]",0.022989072824939054,361.6549185481142,1228.0,4237665.465756263,113097.21013104376,21.395037999720405,"[0.27691365315709304, 0.10681189395723889, -0.02113658756942416, -0.11571566305014436, -0.18256990404038043, -0.24455195295690635]",710.0494333388074
12,12,Mg,Magnesium,4.03584525e-26,[Ne]3s2,1.31,1.73e-10,7.646,,+2,Solid,923.0,1363.0,1740.0,Alkaline earth metal,"[701.0, 773.0, 861.0, 971.0, 1132.0, 1361.0]","[1.0, 10.0, 100.0, 1000.0, 10000.0, 100000.0]",0.024304263680024998,342.0844741259591,1022.9999999999999,5266565.639888101,348909.97364258673,22.448239525827592,"[0.6258414377880037, 0.25744262585696553, -0.03718791779412445, -0.2700884836016164, -0.3039797326411212, -0.3138079935315161]",876.9637069122074
13,13,Al,Aluminum,4.4802843848999997e-26,[Ne]3s2 3p1,1.61,1.8399999999999998e-10,5.986,0.441,+3,Solid,933.437,2792.0,2700.0,Post-transition metal,"[1482.0, 1632.0, 1817.0, 2054.0, 2364.0, 2790.0]","[1.0, 10.0, 100.0, 1000.0, 10000.0, 100000.0]",0.026980720594306288,308.1500818682551,897.0,10526034.655276487,396950.109711307,23.37702127715153,"[0.38805521369151763, 0.15465733985196684, -0.027324158015258337, -0.14880158125115805, -0.24639946183181138, -0.3155905520843917]",1847.9940979007927
14,14,Si,Silicon,4.6635142499999996e-26,[Ne]3s2 3p2,1.9,2.1e-10,8.152,1.385,"+4, +2, -4",Solid,1687.0,3538.0,2329.6,Metalloid,"[1908.0, 2102.0, 2339.0, 2636.0, 3021.0, 3537.0]","[1.0, 10.0, 100.0, 1000.0, 10000.0, 100000.0]",0.028084149164924996,296.04283936732907,705.0,12783011.437938243,1787841.237601335,23.066681057653607,"[0.5462974895233412, 0.24850339422614387, 0.0008014136934000327, -0.19892657004033254, -0.3539041010390501, -0.48015121852844767]",2375.9109150285494
15,15,P,Phosphorus,5.1431931801e-26,[Ne]3s2 3p3,2.19,1.8e-10,10.487,0.746,"+5, +3, -3",Solid,317.3,553.65,1820.0,Nonmetal,"[279.0, 307.0, 342.0, 388.0, 453.0, 549.0]","[1.0, 10.0, 100.0, 1000.0, 10000.0, 100000.0]",0.03097282364988021,268.4324604686843,769.0,400350.9702625372,21309.003255909236,8.94536866401667,"[35.58743082917542, 4.9576259817458235, -0.0205243127840522, -0.8357399983238165, -0.9714852631808086, -0.9949289413144891]",368.0204585213194
16,15,P,Phosphorus,5.1431931801e-26,[Ne]3s2 3p3,2.19,1.8e-10,10.487,0.746,"+5, +3, -3",Solid,317.3,553.65,1820.0,Nonmetal,"[279.0, 307.0, 342.0, 388.0, 453.0, 549.0]","[1.0, 10.0, 100.0, 1000.0, 10000.0, 100000.0]",0.03097282364988021,268.4324604686843,684.0,400350.9702625372,21309.003255909236,8.94536866401667,"[35.58743082917542, 4.9576259817458235, -0.0205243127840522, -0.8357399983238165, -0.9714852631808086, -0.9949289413144891]",368.0204585213194
17,16,S,Sulfur,5.325223499999999e-26,[Ne]3s2 3p4,2.58,1.8e-10,10.36,2.077,"+6, +4, -2",Solid,388.36,717.75,2067.0,Nonmetal,"[375.0, 408.0, 449.0, 508.0, 591.0, 717.0]","[1.0, 10.0, 100.0, 1000.0, 10000.0, 100000.0]",0.03206902843934999,259.25672415439465,710.0,305590.798253651,53946.130712124104,7.199617657468191,"[56.76408886992222, 6.448522391126589, -0.030293314016853423, -0.868460803313386, -0.9817788254036041, -0.997413028024095]",510.9645988161491
18,16,S,Sulfur,5.325223499999999e-26,[Ne]3s2 3p4,2.58,1.8e-10,10.36,2.077,"+6, +4, -2",Solid,388.36,717.75,2067.0,Nonmetal,"[375.0, 408.0, 449.0, 508.0, 591.0, 717.0]","[1.0, 10.0, 100.0, 1000.0, 10000.0, 100000.0]",0.03206902843934999,259.25672415439465,724.0,305590.798253651,53946.130712124104,7.199617657468191,"[56.76408886992222, 6.448522391126589, -0.030293314016853423, -0.868460803313386, -0.9817788254036041, -0.997413028024095]",510.9645988161491
19,17,Cl,Chlorine,5.8864725e-26,[Ne]3s2 3p5,3.16,1.75e-10,12.968,3.617,"+7, +5, +1, -1",Gas,171.65,239.11,3.214,Halogen,"[128.0, 139.0, 153.0, 170.0, 197.0, 239.0]","[1.0, 10.0, 100.0, 1000.0, 10000.0, 100000.0]",0.03544892604225,234.5377473520856,479.0,287737.9130708522,90270.71782614972,12.579855657707132,"[18.990303528521643, 3.268047332371726, -0.042864569741604575, -0.7865912396681798, -0.9426193123294587, -0.9828584366849838]",159.5961697510524
20,18,Ar,Argon,6.625394999999999e-26,[Ne]3s2 3p6,,1.88e-10,15.76,,0,Gas,83.8,87.3,1.7837,Noble gas,"[47.0, 53.0, 61.0, 71.0, 87.0]","[10.0, 100.0, 1000.0, 10000.0, 100000.0]",0.03989879122949999,208.38002866244202,520.0,163664.10607376773,29574.830806592025,19.62339072619234,"[0.8402824425160023, 0.22034358733959425, -0.14782696668538187, -0.47747676500508907, -0.6003855496292311]",53.318291001755384
21,19,K,Potassium,6.492272715e-26,[Ar]4s1,0.82,2.75e-10,4.341,0.501,+1,Solid,336.53,1032.0,890.0,Alkali metal,"[473.0, 530.0, 601.0, 697.0, 832.0, 1029.0]","[1.0, 10.0, 100.0, 1000.0, 10000.0, 100000.0]",0.0390971155170015,212.65280443475638,757.0,1966897.0199747805,59364.99328168356,19.961830256867476,"[0.5026209381437612, 0.2308066330608165, -0.03270170916588466, -0.19437186167541853, -0.3061498462825405, -0.41711124619443474]",613.7962901974081
22,20,Ca,Calcium,6.655283999999999e-26,[Ar]4s2,1.0,2.31e-10,6.113,,+2,Solid,1115.0,1757.0,1540.0,Alkaline earth metal,"[864.0, 956.0, 1071.0, 1227.0, 1443.0, 1755.0]","[1.0, 10.0, 100.0, 1000.0, 10000.0, 100000.0]",0.0400787857764,207.44419021036518,647.0,3859897.374712724,213080.30756332682,21.89150442877132,"[0.4272047646887145, 0.13384474265814328, -0.08339022315094335, -0.16540985996215873, -0.19220271803392175, -0.20040860891564405]",1094.6059956356307
23,21,Sc,Scandium,7.464928855499999e-26,[Ar]4s2 3d1,1.36,2.11e-10,6.561,0.188,+3,Solid,1814.0,3109.0,2990.0,Transition metal,"[1645.0, 1804.0, -2006.0, -2266.0, -2613.0, -3101.0]","[1.0, 10.0, 100.0, 1000.0, 10000.0, 100000.0]",0.04495454806070655,184.94483024882462,568.0,7400808.468827725,313650.13348503434,3.3223581973165204,"[-0.9999999992445158, -0.9999999993552854, 127738384.8807224, 1295034.21120249, 12409.922831390622, 110.46995209230145]",
24,22,Ti,Titanium,7.948315349999999e-26,[Ar]4s2 3d2,1.54,1.87e-10,6.828,0.079,"+4, +3, +2",Solid,1941.0,3560.0,4500.0,Transition metal,"[1982.0, 2171.0, -2403.0, 2692.0, 3064.0, 3558.0]","[1.0, 10.0, 100.0, 1000.0, 10000.0, 100000.0]",0.04786554986923499,173.69718477513604,523.0,8879037.244136281,295619.7105988903,17.35247836558388,"[-0.9997836464851783, -0.999795695121637, 595157455574518.9, -0.9998053095598227, -0.9998047546035409, -0.9998020472615894]",4102.656202365152
25,23,V,Vanadium,8.458836074999999e-26,[Ar]4s2 3d3,1.63,1.79e-10,6.746,0.525,"+5, +4, +3, +2",Solid,2183.0,3680.0,6000.0,Transition metal,"[2101.0, 2289.0, 2523.0, 2814.0, 3187.0, 3679.0]","[1.0, 10.0, 100.0, 1000.0, 10000.0, 100000.0]",0.05093995672725749,163.21394430143275,489.0,8716144.035560591,422065.5332534971,25.7349948950884,"[0.3730188363270037, 0.10744426116604311, -0.036050209581314774, -0.13966818967102312, -0.20698530800085635, -0.2544323407334751]",2562.258857753212
26,24,Cr,Chromium,8.633935799999999e-26,[Ar]3d5 4s1,1.66,1.89e-10,6.767,0.666,"+6, +3, +2",Solid,2180.0,2944.0,7150.0,Transition metal,"[1656.0, 1807.0, 1991.0, 2223.0, 2530.0, 2942.0]","[1.0, 10.0, 100.0, 1000.0, 10000.0, 100000.0]",0.05199442478117999,159.90389921592885,449.0,6529546.22401912,403889.4571558219,25.060059814395764,"[0.4944114311392944, 0.17315159002241387, -0.05303929640074645, -0.19478977846431866, -0.25194341736742665, -0.28294588710969915]",2024.7730336168102
27,25,Mn,Manganese,9.122461541999999e-26,[Ar]4s2 3d5,1.55,1.97e-10,7.434,,"+7, +4, +3, +2",Solid,1519.0,2334.0,7300.0,Transition metal,"[1228.0, 1347.0, 1493.0, 1691.0, 1955.0, 2333.0]","[1.0, 10.0, 100.0, 1000.0, 10000.0, 100000.0]",0.05493637565207819,151.34073118792438,479.0,4022835.459689445,234999.12119724313,22.305082845248894,"[0.9329781021483017, 0.3083712090476294, -0.09881825684560042, -0.27527217011630345, -0.39458278848016615, -0.4519900795060813]",1526.5812072748386
28,26,Fe,Iron,9.272231999999999e-26,[Ar]4s2 3d6,1.83,1.94e-10,7.902,0.163,"+3, +2",Solid,1811.0,3134.0,7874.0,Transition metal,"[1728.0, 1890.0, 2091.0, 2346.0, 2679.0, 3132.0]","[1.0, 10.0, 100.0, 1000.0, 10000.0, 100000.0]",0.05583830832719999,148.89618810228217,449.0,6089009.6814480135,247321.2461788149,24.11647099219253,"[0.5695224852424889, 0.1932430650011574, -0.04496391548105394, -0.19972272092879173, -0.30137636951481683, -0.36453112441237456]",2127.286677597532
29,27,Co,Cobalt,9.7858561995e-26,[Ar]4s2 3d7,1.88,1.92e-10,7.881,0.661,"+3, +2",Solid,1768.0,3200.0,8860.0,Transition metal,"[1790.0, 1960.0, 2165.0, 2423.0, 2755.0, 3198.0]","[1.0, 10.0, 100.0, 1000.0, 10000.0, 100000.0]",0.05893140461900895,141.08116570020113,421.0,6397268.187264531,272520.23100124235,25.522132497448506,"[0.20919765979525584, 0.08822773131718598, -0.027050337666075674, -0.09503487739561312, -0.13690082859265218, -0.15620061989959966]",2198.0605568888573
30,28,Ni,Nickel,9.745972649999999e-26,[Ar]4s2 3d8,1.91,1.63e-10,7.64,1.156,"+3, +2",Solid,1728.0,3186.0,8912.0,Transition metal,"[1783.0, 1950.0, 2154.0, 2410.0, 2741.0, 3184.0]","[1.0, 10.0, 100.0, 1000.0, 10000.0, 100000.0]",0.05869122189556499,141.65851368359833,444.0,6457524.44333825,297829.8872547562,25.735652457406808,"[0.18424792352613406, 0.0576695114469985, -0.03201580132748849, -0.0834167464049399, -0.10015605963207874, -0.08991453536060956]",2187.084392876337
31,29,Cu,Copper,1.0552477499999998e-25,[Ar]4s1 3d10,1.9,1.4e-10,7.726,1.228,"+2, +1",Solid,1357.77,2835.0,8933.0,Transition metal,"[1509.0, 1661.0, 1850.0, 2089.0, 2404.0, 2836.0]","[1.0, 10.0, 100.0, 1000.0, 10000.0, 100000.0]",0.06354807475274998,130.83183546233576,385.0,4727129.833103252,208660.92405775338,24.115728976530146,"[0.18747691950751855, 0.062239157452409044, -0.01969988672197076, -0.08426247212883686, -0.1168744477325716, -0.12841695784241403]",1879.5928973112427
32,30,Zn,Zinc,1.085967e-25,[Ar]4s2 3d10,1.65,1.3899999999999999e-10,9.394,,+2,Solid,692.68,1180.0,7134.0,Transition metal,"[610.0, 670.0, 750.0, 852.0, 990.0, -1185.0]","[1.0, 10.0, 100.0, 1000.0, 10000.0, 100000.0]",0.065398018707,127.13093491791186,388.0,1758463.0585710811,111929.99642382881,22.998906632696563,"[0.3821661798846483, 0.05304576330029809, -0.04763224081522954, -0.13366129821444128, -0.1672778973894674, 11418208238.81051]",763.9345450294455
33,31,Ga,Gallium,1.157750415e-25,[Ar]4s2 3d10 4p1,1.81,1.87e-10,5.999,0.3,+3,Solid,302.91,2477.0,5910.0,Post-transition metal,"[1310.0, 1448.0, 1620.0, 1838.0, 2125.0, 2518.0]","[1.0, 10.0, 100.0, 1000.0, 10000.0, 100000.0]",0.06972088774171499,119.2484996863508,371.0,3671783.425196286,80176.83338612202,23.6088257879232,"[0.10985264530268712, 0.04260386824175666, -0.003144430832078049, -0.050092725514044645, -0.08735496908601459, -0.12406647677909821]",1645.1660494806388
34,32,Ge,Germanium,1.2060211499999998e-25,[Ar]4s2 3d10 4p2,2.01,2.11e-10,7.9,1.35,"+4, +2",Solid,1211.4,3106.0,5323.0,Metalloid,"[1644.0, 1814.0, 2023.0, 2287.0, 2633.0, 3104.0]","[1.0, 10.0, 100.0, 1000.0, 10000.0, 100000.0]",0.07262779967414999,114.47560434574469,320.0,4598790.0156484945,508620.66819777066,24.457735564879506,"[0.02204796079993976, 0.009292484079144181, -0.0053855771045818734, -0.015557344598782996, -0.009928614597664476, 0.0025891458009403845]",2053.2956451093905
35,33,As,Arsenic,1.2440730019499997e-25,[Ar]4s2 3d10 4p3,2.18,1.85e-10,9.815,0.81,"+5, +3, -3",Solid,1090.0,887.0,5776.0,Metalloid,"[553.0, 596.0, 646.0, 706.0, 781.0, 874.0]","[1.0, 10.0, 100.0, 1000.0, 10000.0, 100000.0]",0.07491932025043094,110.97419507022525,329.0,432465.2158041121,369731.0641288242,10.630693428407174,"[35.00641338707602, 4.986675280177334, -0.006943230002645295, -0.8341839565138487, -0.9718269536686618, -0.9952090641085065]",679.1633191290044
36,34,Se,Selenium,1.31129685e-25,[Ar]4s2 3d10 4p4,2.55,1.9e-10,9.752,2.021,"+6, +4, -2",Solid,493.65,958.0,4809.0,Nonmetal,"[500.0, 552.0, 617.0, 704.0, 813.0, 958.0]","[1.0, 10.0, 100.0, 1000.0, 10000.0, 100000.0]",0.07896760760384999,105.28508476169984,321.0,1209103.363989274,68382.46926625555,23.169905470739156,"[0.22351265485068628, 0.06482443901542712, -0.04691578567701671, -0.049224499328966664, -0.15295932584760152, -0.2814985787216425]",628.3308484186169
37,35,Br,Bromine,1.3267395e-25,[Ar]4s2 3d10 4p5,2.96,1.83e-10,11.814,3.365,"+5, +1, -1",Liquid,265.95,331.95,3110.0,Halogen,"[185.0, 201.0, 220.0, 244.0, 276.0, 332.0]","[1.0, 10.0, 100.0, 1000.0, 10000.0, 100000.0]",0.0798975794295,104.05961381265877,474.0,185237.15118377545,72592.93762607417,12.668172561048015,"[20.030579315638068, 3.5237365199544204, -0.027989717265039404, -0.784565732121141, -0.9498043806206102, -0.9851018495376401]",228.94061588378773
38,36,Kr,Krypton,1.3914989999999999e-25,[Ar]4s2 3d10 4p6,3.0,2.02e-10,14.0,,0,Gas,115.79,119.93,3.733,Noble gas,"[59.0, 65.0, 74.0, 84.0, 99.0, 120.0]","[1.0, 10.0, 100.0, 1000.0, 10000.0, 100000.0]",0.083797461279,99.2167439574157,248.0,108356.50461734796,19570.998631327166,19.425893797333323,"[1.4977741088462784, 0.37916170394363813, 0.064342160028527, -0.3832427441232098, -0.5577823033254107, -0.6951771411468162]",75.14688130586872
39,37,Rb,Rubidium,1.41919614e-25,[Kr]5s1,0.82,3.03e-10,4.177,0.468,+1,Solid,312.46,961.0,1530.0,Alkali metal,"[434.0, 486.0, 552.0, 641.0, 769.0, 958.0]","[1.0, 10.0, 100.0, 1000.0, 10000.0, 100000.0]",0.08546541074694,97.28042242279491,363.0,886557.4896065525,25624.401507698956,21.070948956645605,"[0.07495843094471444, 0.016604192339375823, -0.04308692244569812, -0.05286392391001615, 0.009651661967018388, 0.04608796166193896]",563.3155586116599
40,38,Sr,Strontium,1.4549301e-25,[Kr]5s2,0.95,2.49e-10,5.695,,+2,Solid,1050.0,1655.0,2640.0,Alkaline earth metal,"[796.0, 882.0, 990.0, 1139.0, 1345.0, 1646.0]","[1.0, 10.0, 100.0, 1000.0, 10000.0, 100000.0]",0.08761734555209999,94.8911566266998,301.0,1609270.3917417475,84800.56035915733,21.637643260000118,"[0.394056327615387, 0.11297030861862223, -0.09330565972361304, -0.14750923820583894, -0.16615464610462405, -0.16348724590439423]",1012.7945244641098
41,39,Y,Yttrium,1.4762814731999999e-25,[Kr]5s2 4d1,1.22,2.19e-10,6.217,0.307,+3,Solid,1795.0,3618.0,4470.0,Transition metal,"[1883.0, 2075.0, -2320.0, -2627.0, -3036.0, -3607.0]","[1.0, 10.0, 100.0, 1000.0, 10000.0, 100000.0]",0.08890314659757718,93.51875133997312,298.0,4386796.3612733185,128454.39601472128,3.4035467962985755,"[-0.9999999995437004, -0.9999999995425713, 181620272.3973814, 1709953.9175442907, 15425.860096469492, 132.67213440074488]",
42,40,Zr,Zirconium,1.5147080999999999e-25,[Kr]5s2 4d2,1.33,1.86e-10,6.634,0.426,+4,Solid,2128.0,4682.0,6520.0,Transition metal,"[2639.0, 2891.0, 3197.0, 3575.0, 4053.0, 4678.0]","[1.0, 10.0, 100.0, 1000.0, 10000.0, 100000.0]",0.0912172364901,91.14627432176536,278.0,6281707.51546709,153479.7647758102,26.164083535621717,"[0.04971648795737971, 0.022603855148397356, 0.0015257530294092714, -0.021471954785861724, -0.049427694540203126, -0.07818796200562894]",3239.995633273166
43,41,Nb,Niobium,1.5427102738499999e-25,[Kr]5s1 4d4,1.6,2.0699999999999998e-10,6.759,0.893,"+5, +3",Solid,2750.0,5017.0,8570.0,Transition metal,"[2942.0, 3207.0, 3524.0, 3910.0, 4393.0, 5013.0]","[1.0, 10.0, 100.0, 1000.0, 10000.0, 100000.0]",0.09290355540152084,89.49185232004476,265.0,7425980.599109625,322915.5210512955,28.152742251376054,"[-0.05101073978389481, -0.024013290629383954, 0.0006357340516363053, 0.02289098816686197, 0.05484691810366793, 0.09086756489457581]",3567.4760766408954
44,42,Mo,Molybdenum,1.5932497499999999e-25,[Kr]5s1 4d5,2.16,2.09e-10,7.092,0.746,+6,Solid,2896.0,4912.0,10200.0,Transition metal,"[2742.0, 2994.0, 3312.0, 3707.0, 4212.0, 4879.0]","[1.0, 10.0, 100.0, 1000.0, 10000.0, 100000.0]",0.09594709319474999,86.65308122596599,251.0,6430627.332790951,390631.9488379333,26.98440946188698,"[-0.07707498441741789, -0.09950314434648411, -0.027142543962361265, 0.059135392331182146, 0.16775218687137228, 0.2984331772951525]",3359.242306738288
45,43,Tc,Technetium,1.6091301078e-25,[Kr]5s2 4d5,1.9,2.09e-10,7.28,0.55,"+7, +6, +4",Solid,2430.0,4538.0,11000.0,Transition metal,"[-2727.0, -2998.0, -3324.0, -3726.0, -4234.0, -4894.0]","[1.0, 10.0, 100.0, 1000.0, 10000.0, 100000.0]",0.0969034242218238,85.79790989602165,,6039002.281904978,343537.9117645535,-16.590540902745765,"[10099.810464352577, 96.96837472844813, -0.020304582541574523, -0.9900252789318346, -0.9998965891665895, -0.9999989012011955]",
46,44,Ru,Ruthenium,1.6787654999999998e-25,[Kr]5s1 4d7,2.2,2.0699999999999998e-10,7.361,1.05,+3,Solid,2607.0,4423.0,12100.0,Transition metal,"[2588.0, 2811.0, 3087.0, 3424.0, 3845.0, 4388.0]","[1.0, 10.0, 100.0, 1000.0, 10000.0, 100000.0]",0.10109693717549999,82.23900240980649,238.0,6122836.332078412,381712.84984637465,28.70098620026323,"[-0.06487190648975827, -0.08373744813352313, -0.02177116242001209, 0.050377610794706706, 0.13585538423874066, 0.24724625796098088]",3127.1442090449946
47,45,Rh,Rhodium,1.7087458274999999e-25,[Kr]5s1 4d8,2.28,1.95e-10,7.459,1.137,+3,Solid,2237.0,3968.0,12400.0,Transition metal,"[2288.0, 2496.0, 2749.0, 3063.0, 3405.0, 3997.0]","[1.0, 10.0, 100.0, 1000.0, 10000.0, 100000.0]",0.10290238247787749,80.79610072961539,243.0,4800666.302417272,258400.23680420095,26.252415304184126,"[0.3276667127926296, 0.15594783650953636, 0.033740631128392984, -0.052245724114830305, -0.3349330633128088, -0.1183170806606807]",2781.743132641937
48,46,Pd,Palladium,1.7671040999999999e-25,[Kr]4d10,2.2,2.02e-10,8.337,0.557,"+3, +2",Solid,1828.05,3236.0,12000.0,Transition metal,"[1721.0, 1897.0, 2117.0, 2395.0, 2753.0, 3234.0]","[1.0, 10.0, 100.0, 1000.0, 10000.0, 100000.0]",0.10641677600609999,78.12782506701218,244.0,3364131.2341531455,157306.02474783146,24.940786595328195,"[-0.0761050351244047, -0.05864965498927366, -0.004158921653005909, 0.0556861407426581, 0.09370766713198497, 0.1199567773462622]",2147.809317408592
49,47,Ag,Silver,1.7911481399999996e-25,[Kr]5s1 4d10,1.93,1.72e-10,7.576,1.302,+1,Solid,1234.93,2435.0,10501.0,Transition metal,"[1283.0, 1413.0, 1575.0, 1782.0, 2055.0, 2433.0]","[1.0, 10.0, 100.0, 1000.0, 10000.0, 100000.0]",0.10786473213893998,77.07905165231058,235.0,2354801.1937101367,104575.42309074938,23.97320946328675,"[0.17523035637523066, 0.050879105692571924, -0.02866515661013591, -0.07546828844408837, -0.09835939443340669, -0.09192058462975883]",1601.1405222873634
50,48,Cd,Cadmium,1.8665680499999998e-25,[Kr]5s2 4d10,1.69,1.58e-10,8.994,,+2,Solid,594.22,1040.0,8690.0,Transition metal,"[530.0, 583.0, 654.0, 745.0, 867.0, 1040.0]","[1.0, 10.0, 100.0, 1000.0, 10000.0, 100000.0]",0.11240659453904998,73.96462186310325,232.0,888471.0048333083,55245.8690298873,22.927946131968675,"[0.3015969776656191, 0.021633376680520566, -0.04339166167785469, -0.09827317741962138, -0.12819522123876137, -0.12635651985782514]",666.0376254470215
51,49,In,Indium,1.9065528899999998e-25,[Kr]5s2 4d10 5p1,1.78,1.93e-10,5.786,0.3,+3,Solid,429.75,2345.0,7310.0,Post-transition metal,"[1196.0, 1325.0, 1485.0, 1690.0, 1962.0, 2340.0]","[1.0, 10.0, 100.0, 1000.0, 10000.0, 100000.0]",0.11481452158868999,72.41341204019785,233.0,2018908.3819065783,28576.524594631075,23.37217655677469,"[0.06277190544839106, 0.0282393845886717, -0.00758430715232794, -0.03227142026944341, -0.047163226288771565, -0.05390409650714001]",1508.7230131787896
52,50,Sn,Tin,1.9711795499999996e-25,[Kr]5s2 4d10 5p2,1.96,2.17e-10,7.344,1.2,"+4, +2",Solid,505.08,2875.0,7287.0,Post-transition metal,"[1497.0, 1657.0, 1855.0, 2107.0, 2438.0, 2893.0]","[1.0, 10.0, 100.0, 1000.0, 10000.0, 100000.0]",0.11870640368054998,70.03928180971643,228.0,2443002.1549672848,58969.01753369308,23.40829847388533,"[0.11411461348131469, 0.05690738012627916, -0.0003524931968905687, -0.05258338527543538, -0.1033038296469373, -0.149110924363557]",1883.8485675364923
53,50,Sn,Tin,1.9711795499999996e-25,[Kr]5s2 4d10 5p2,1.96,2.17e-10,7.344,1.2,"+4, +2",Solid,505.08,2875.0,7287.0,Post-transition metal,"[1497.0, 1657.0, 1855.0, 2107.0, 2438.0, 2893.0]","[1.0, 10.0, 100.0, 1000.0, 10000.0, 100000.0]",0.11870640368054998,70.03928180971643,217.0,2443002.1549672848,58969.01753369308,23.40829847388533,"[0.11411461348131469, 0.05690738012627916, -0.0003524931968905687, -0.05258338527543538, -0.1033038296469373, -0.149110924363557]",1883.8485675364923
54,51,Sb,Antimony,2.0218247999999998e-25,[Kr]5s2 4d10 5p3,2.05,2.0599999999999999e-10,8.64,1.07,"+5, +3, -3",Solid,903.78,1860.0,6685.0,Metalloid,"[807.0, 876.0, 1011.0, 1219.0, 1491.0, 1858.0]","[1.0, 10.0, 100.0, 1000.0, 10000.0, 100000.0]",0.12175631128079999,68.28484842010049,207.0,1588665.0799883618,162537.7755930811,27.22303210462036,"[-0.7993698871344481, -0.8056460784259498, -0.3258276116016289, 2.42035302610722, 10.121636070109489, 23.250460287771933]",1041.8714221088526
55,52,Te,Tellurium,2.1187979999999997e-25,[Kr]5s2 4d10 5p4,2.1,2.0599999999999999e-10,9.01,1.971,"+6, +4, -2",Solid,722.66,1261.0,6232.0,Metalloid,"[-775.0, -888.0, 1042.0, 1266.0]","[100.0, 1000.0, 10000.0, 100000.0]",0.127596134358,65.15958576513665,202.0,894227.717587952,137073.11814735565,0.2437502497901344,"[625634.2690342043, 6570.925535750487, -0.9999999997567873, -0.9999999997499464]",
56,53,I,Iodine,2.1072492224999997e-25,[Kr]5s2 4d10 5p5,2.66,1.98e-10,10.451,3.059,"+7, +5, +1, -1",Solid,386.85,457.55,4930.0,Halogen,"[260.0, 282.0, 309.0, 342.0, 381.0, 457.0]","[1.0, 10.0, 100.0, 1000.0, 10000.0, 100000.0]",0.12690065542817247,65.5166928172873,214.0,164695.76086492074,61150.196378554305,12.738387906981767,"[20.540444970241992, 3.5796561214085436, -0.0020502396905287545, -0.7812126965048518, -0.9535718192189053, -0.9860906029685956]",320.40785065082076
57,54,Xe,Xenon,2.1800704499999997e-25,[Kr]5s2 4d10 5p6,2.6,2.16e-10,12.13,,0,Gas,161.36,165.03,5.887,Noble gas,"[83.0, 92.0, 103.0, 117.0, 137.0, 165.0]","[1.0, 10.0, 100.0, 1000.0, 10000.0, 100000.0]",0.13128602256945,63.32822868178412,158.0,96278.33757636667,17290.492586894965,19.34386804972319,"[1.792447593218912, 0.6756629746543461, -0.02133165722593322, -0.4276259464952107, -0.6184839470479857, -0.7491846092493029]",105.20352985323045
58,55,Cs,Cesium,2.20689503046e-25,[Xe]6s1,0.79,3.43e-10,3.894,0.472,+1,Solid,301.59,944.0,1930.0,Alkali metal,"[418.0, 469.0, 534.0, 623.0, 750.0, 940.0]","[1.0, 10.0, 100.0, 1000.0, 10000.0, 100000.0]",0.13290142562933163,62.55848062298781,242.0,480807.4834217364,15725.94116355914,18.955454158463986,"[0.7656950475169988, 0.30393776097332226, -0.04157657282282856, -0.2509455625688146, -0.39499824172661724, -0.5199082190281985]",546.5334134629065
59,56,Ba,Barium,2.28036465e-25,[Xe]6s2,0.89,2.68e-10,5.212,,+2,Solid,1000.0,2170.0,3620.0,Alkaline earth metal,"[911.0, 1038.0, 1185.0, 1388.0, 1686.0, 2170.0]","[1.0, 10.0, 100.0, 1000.0, 10000.0, 100000.0]",0.13732583958765,60.54294869024566,204.0,1021657.6896327782,51847.4893099457,18.84270850223188,"[0.37601399786435197, 0.3270662625883216, -0.0029001069259377843, -0.19970380760857165, -0.31372983401958376, -0.3602513263719185]",1209.6771036611906
60,57,La,Lanthanum,2.3065258274999996e-25,[Xe]6s2 5d1,1.1,2.4e-10,5.577,0.5,+3,Solid,1191.0,3737.0,6150.0,Lanthanide,"[-2005.0, -2208.0, -2458.0, -2772.0, -3178.0, -3726.0]","[1.0, 10.0, 100.0, 1000.0, 10000.0, 100000.0]",0.13890129185787747,59.85625582594956,195.0,2879742.835000241,44636.01394250374,-14.965413852609732,"[8349.569022007576, 90.9635186107269, 0.0026395866878896612, -0.989079543438799, -0.9998810723856412, -0.99999871674106]",
61,58,Ce,Cerium,2.32662618e-25,[Xe]6s2 4f1 5d1,1.12,2.35e-10,5.539,0.5,"+4, +3",Solid,1071.0,3697.0,6770.0,Lanthanide,"[1992.0, 2194.0, 2442.0, 2754.0, 3159.0, 3705.0]","[1.0, 10.0, 100.0, 1000.0, 10000.0, 100000.0]",0.14011175518578,59.33914145159322,192.0,2840589.6384088206,38968.893029427534,24.20294717262592,"[0.18721675581152852, 0.08499389940523217, -0.005166316082850564, -0.0832775594580748, -0.14875545444707128, -0.20583941271340167]",2479.025076472522
62,59,Pr,Praseodymium,2.3397716942999995e-25,[Xe]6s2 4f3,1.13,2.39e-10,5.464,,+3,Solid,1204.0,3793.0,6770.0,Lanthanide,"[1771.0, 1973.0, -2227.0, -2571.0, -3054.0, -3779.0]","[1.0, 10.0, 100.0, 1000.0, 10000.0, 100000.0]",0.14090339120244028,59.005756987458575,193.0,2349127.2791613797,48898.752125141706,3.8572443833063756,"[-0.9999999918285178, -0.9999999918370812, 27479840.220533017, 251310.6317477087, 2169.835314574048, 16.80245955890827]",
63,60,Nd,Neodymium,2.3951052e-25,[Xe]6s2 4f4,1.14,2.2899999999999998e-10,5.525,,+3,Solid,1294.0,3347.0,7010.0,Lanthanide,"[1595.0, 1774.0, 1998.0, -2296.0, -2715.0, -3336.0]","[1.0, 10.0, 100.0, 1000.0, 10000.0, 100000.0]",0.1442356302492,57.642562005209626,190.0,2003665.8036622885,49502.33161989183,10.773665839034923,"[-0.9999836216491443, -0.999985233626084, -0.9999867165491884, 179441815.8595896, 1734687.096898051, 16000.831405505429]",5910.691882994791
64,61,Pm,Promethium,2.4062763797999996e-25,[Xe]6s2 4f5,,2.36e-10,5.55,,+3,Solid,1315.0,3273.0,7260.0,Lanthanide,,,0.14490836986793576,57.374955412010905,,1994363.750440255,49203.50706103467,,,
65,62,Sm,Samarium,2.4973919999999997e-25,[Xe]6s2 4f6,1.17,2.2899999999999998e-10,5.644,,"+3, +2",Solid,1347.0,2067.0,7520.0,Lanthanide,"[1001.0, 1106.0, 1240.0, -1421.0, -1675.0, -2061.0]","[1.0, 10.0, 100.0, 1000.0, 10000.0, 100000.0]",0.15039544363199997,55.281669837974974,197.0,1276634.420320615,57315.56616231094,11.112239078584949,"[-0.9999935919707437, -0.9999942730944567, -0.9999945316540929, 765396047.1567129, 6510483.3576131845, 49226.0549916984]",3713.0593583272544
66,63,Eu,Europium,2.5233622199999997e-25,[Xe]6s2 4f7,,2.3299999999999997e-10,5.67,,"+3, +2",Solid,1095.0,1802.0,5240.0,Lanthanide,"[863.0, 957.0, 1072.0, 1234.0, 1452.0, 1796.0]","[1.0, 10.0, 100.0, 1000.0, 10000.0, 100000.0]",0.15195939625062,54.71271579868546,182.0,1158204.1278298507,60608.295552914344,24.23119151305034,"[-0.2578162995614064, -0.17418305170824255, -0.11398438204958072, 0.18387571982778583, 0.5554544760065314, 1.5386003856794517]",1094.6511862326952
67,64,Gd,Gadolinium,2.61113625e-25,[Xe]6s2 4f7 5d1,1.2,2.37e-10,6.15,,+3,Solid,1586.0,3546.0,7900.0,Lanthanide,"[-1836.0, -2028.0, -2267.0, -2573.0, -2976.0, -3535.0]","[1.0, 10.0, 100.0, 1000.0, 10000.0, 100000.0]",0.15724523611125,52.8735335048104,236.0,1916115.2824167735,63912.906034811065,-11.365932882119745,"[4325.036281757897, 65.75994882859126, 0.014708513223024688, -0.9848403915304296, -0.9997749056684284, -0.9999967184862313]",
68,65,Tb,Terbium,2.63895543675e-25,[Xe]6s2 4f9,,2.2099999999999999e-10,5.864,,+3,Solid,1629.0,3503.0,8230.0,Lanthanide,"[1789.0, 1979.0, -2201.0, -2505.0, -2913.0, -3491.0]","[1.0, 10.0, 100.0, 1000.0, 10000.0, 100000.0]",0.15892053535652176,52.31615436827061,182.0,2460349.124314438,63868.3979841216,3.3584260695240866,"[-0.9999999998898472, -0.9999999998625715, 547090426.7961602, 4091876.120815396, 29507.425411737215, 202.74093648465]",
69,66,Dy,Dysprosium,2.6983124999999998e-25,[Xe]6s2 4f10,1.22,2.2899999999999998e-10,5.939,,+3,Solid,1685.0,2840.0,8550.0,Lanthanide,"[1378.0, 1523.0, -1704.0, -1954.0, -2304.0, -2831.0]","[1.0, 10.0, 100.0, 1000.0, 10000.0, 100000.0]",0.1624950770625,51.16531165311653,170.0,1723129.1252737732,68063.60044831404,3.5923829785144816,"[-0.9999999991165217, -0.9999999990948575, 139156675.2826699, 1110009.2313639396, 8094.732420059619, 52.27649093224163]",
70,67,Ho,Holmium,2.7386681296499995e-25,[Xe]6s2 4f11,1.23,2.16e-10,6.022,,+3,Solid,1747.0,2973.0,8800.0,Lanthanide,"[1432.0, 1584.0, -1775.0, -2040.0, -2410.0, -2964.0]","[1.0, 10.0, 100.0, 1000.0, 10000.0, 100000.0]",0.16492533343565263,50.41136547554011,165.0,1521900.8188207198,103076.94788825593,3.766641152030315,"[-0.9999999698025247, -0.9999999771669809, 10529769.627261946, 115580.07209921362, 1190.6820390017353, 10.463329876194843]",
71,68,Er,Erbium,2.7773522999999995e-25,[Xe]6s2 4f12,1.24,2.35e-10,6.108,,+3,Solid,1802.0,3141.0,9070.0,Lanthanide,"[1504.0, 1663.0, -1885.0, -2163.0, -2552.0, -3132.0]","[1.0, 10.0, 100.0, 1000.0, 10000.0, 100000.0]",0.16725493285829998,49.70921405973596,168.0,1674091.1327094834,118980.048360424,3.807293134103414,"[-0.9999999915134481, -0.9999999927803118, 25861540.94409086, 260258.03876112268, 2423.8788602774307, 20.055038431961165]",
72,69,Tm,Thulium,2.8051527231e-25,[Xe]6s2 4f13,1.25,2.27e-10,6.184,,+3,Solid,1818.0,2223.0,9320.0,Lanthanide,"[1117.0, 1235.0, 1381.0, 1570.0, -1821.0, -2217.0]","[1.0, 10.0, 100.0, 1000.0, 10000.0, 100000.0]",0.1689291021378051,49.216571655117804,160.0,1130651.8390430466,99686.79041615134,16.16921571675457,"[-0.9876915885841046, -0.9912173861910881, -0.9937238261598574, -0.9953506026267595, 317017018.8938905, 3330013.4262716193]",2037.25407860573
73,70,Yb,Ytterbium,2.87349525e-25,[Xe]6s2 4f14,,2.42e-10,6.254,,"+3, +2",Solid,1092.0,1469.0,6900.0,Lanthanide,"[736.0, 813.0, 910.0, 1047.0, -1266.0, -1465.0]","[1.0, 10.0, 100.0, 1000.0, 10000.0, 100000.0]",0.17304475745025,48.046016432426676,155.0,745471.8761825953,44266.00443068744,16.56110838597385,"[-0.9891123625979132, -0.9919821791626703, -0.9938688926857296, -0.99429224818935, 327345220.3841797, 6194456.504293634]",1329.7339615621784
74,71,Lu,Lutetium,2.9053220534999995e-25,[Xe]6s2 4f14 5d1,1.27,2.2099999999999999e-10,5.426,,+3,Solid,1936.0,3675.0,9840.0,Lanthanide,"[1906.0, 2103.0, 2346.0, -2653.0, -3072.0, -3663.0]","[1.0, 10.0, 100.0, 1000.0, 10000.0, 100000.0]",0.17496139938382346,47.519688852972806,154.0,2366236.2181487987,125742.02125428399,11.815216801599274,"[-0.999999390180514, -0.9999992952201124, -0.9999991811652843, 19172182241.13, 148209964.0562274, 1084143.2309667969]",7193.242639891772
75,72,Hf,Hafnium,2.96382645e-25,[Xe]6s2 4f14 5d2,1.3,2.12e-10,6.825,,+4,Solid,2506.0,4876.0,13300.0,Transition metal,"[2689.0, 2954.0, 3277.0, 3679.0, 4194.0, 4876.0]","[1.0, 10.0, 100.0, 1000.0, 10000.0, 100000.0]",0.17848459264545,46.581674848066754,144.0,3630565.475683478,152394.1063867139,28.389515032125892,"[-0.44852332637605075, -0.2573710755728922, 0.0004634462283019669, 0.3454317775399913, 0.8140033539359701, 1.440544802564062]",3317.045424244493
76,73,Ta,Tantalum,3.0046398795e-25,[Xe]6s2 4f14 5d3,1.5,2.17e-10,7.89,0.322,+5,Solid,3290.0,5731.0,16400.0,Transition metal,"[3297.0, 3597.0, 3957.0, 4395.0, 4939.0, 5634.0]","[1.0, 10.0, 100.0, 1000.0, 10000.0, 100000.0]",0.18094241818336948,45.94893416078018,140.0,4049907.1879174877,202108.49599091502,26.887379391361748,"[0.16671926393514291, 0.08462465934625873, 0.007965700807589071, -0.07209468832258825, -0.1551011045188334, -0.23641086649223242]",4007.313512884979
77,74,W,Tungsten,3.0526632e-25,[Xe]6s2 4f14 5d4,2.36,2.1e-10,7.98,0.815,+6,Solid,3695.0,5828.0,19300.0,Transition metal,"[3477.0, 3773.0, 4137.0, 4579.0, 5127.0, 5823.0]","[1.0, 10.0, 100.0, 1000.0, 10000.0, 100000.0]",0.18383443056719997,45.226083244296326,132.0,4388187.770435712,284549.5255627769,28.04321787638682,"[0.1475244640008362, 0.024574436283381074, -0.015495271772002495, -0.052828529932349655, -0.08788811047041056, -0.12415254967676281]",4191.184468306596
78,75,Re,Rhenium,3.0919672349999994e-25,[Xe]6s2 4f14 5d5,1.9,2.17e-10,7.88,0.15,"+7, +6, +4",Solid,3459.0,5869.0,20800.0,Transition metal,"[3303.0, 3614.0, 4009.0, 4500.0, 5127.0, 5954.0]","[1.0, 10.0, 100.0, 1000.0, 10000.0, 100000.0]",0.18620135885893496,44.65118466884401,137.0,3780853.1812775126,324541.1331599433,25.7090296900937,"[0.07589008444921319, -0.023089916861417037, -0.017295300379481127, -0.015343594824525852, -0.01673685865353869, -0.025158736763048473]",4067.7483039935705
79,76,Os,Osmium,3.1582709999999995e-25,[Xe]6s2 4f14 5d6,2.2,2.16e-10,8.7,1.1,"+4, +3",Solid,3306.0,5285.0,22570.0,Transition metal,"[3160.0, 3423.0, 3751.0, 4148.0, 4638.0, 5256.0]","[1.0, 10.0, 100.0, 1000.0, 10000.0, 100000.0]",0.19019423789099996,43.71379150174257,130.0,3564776.764628174,304162.73721790535,26.327674639265382,"[0.6842375740235196, 0.22325202643343434, -0.017700347550289597, -0.21313644279705413, -0.37203233480579867, -0.5036585048309019]",3804.4532393336754
80,77,Ir,Iridium,3.1918130999999998e-25,[Xe]6s2 4f14 5d7,2.2,2.02e-10,9.1,1.565,"+4, +3",Solid,2719.0,4701.0,22420.0,Transition metal,"[2713.0, 2957.0, 3252.0, 3614.0, 4069.0, 4659.0]","[1.0, 10.0, 100.0, 1000.0, 10000.0, 100000.0]",0.1922141766951,43.25441235891913,131.0,2934226.859315615,213928.02917563493,25.45459758530479,"[0.5688893967243571, 0.23495370726978715, -0.010442335167524797, -0.20038641112685174, -0.3477175093328003, -0.4613212351113253]",3299.1457391285035
81,78,Pt,Platinum,3.2393034e-25,[Xe]6s1 4f14 5d9,2.28,2.09e-10,9.0,2.128,"+4, +2",Solid,2041.55,4098.0,21460.0,Transition metal,"[2330.0, -2550.0, 2815.0, 3143.0, 3556.0, 4094.0]","[1.0, 10.0, 100.0, 1000.0, 10000.0, 100000.0]",0.1950740900514,42.62027447012218,133.0,2614391.280080406,113649.12682231882,16.7710245937786,"[-0.9999292102652538, 5.379339377764414e+16, -0.9999339490795275, -0.9999358053970874, -0.9999380668200215, -0.9999402396062068]",5164.182887393466
82,79,Au,Gold,3.2706298948499997e-25,[Xe]6s1 4f14 5d10,2.54,1.66e-10,9.226,2.309,"+3, +1",Solid,1337.33,3129.0,19282.0,Transition metal,"[1646.0, 1814.0, 2021.0, 2281.0, 2620.0, 3078.0]","[1.0, 10.0, 100.0, 1000.0, 10000.0, 100000.0]",0.19696060289776182,42.21205224638595,129.0,1736387.8611679776,63718.32648438046,24.956156020959746,"[-0.03406655053209018, -0.022513413441127894, -0.002738133479098237, 0.014803087369647638, 0.04652834429083419, 0.08228094440616096]",2050.246058115115
83,80,Hg,Mercury,3.33079695e-25,[Xe]6s2 4f14 5d10,2.0,2.09e-10,10.438,,"+2, +1",Liquid,234.32,629.88,13533.6,Transition metal,"[315.0, 350.0, 393.0, 449.0, 523.0, 629.0]","[1.0, 10.0, 100.0, 1000.0, 10000.0, 100000.0]",0.20058392312595,41.44953957640678,140.0,294689.619580747,11416.667718489436,22.685581874571955,"[0.1223505727118468, 0.07235352062663902, -0.01012033739436935, -0.054905536463887517, -0.11187138116416395, -0.12222345547951174]",399.5769922155454
84,81,Tl,Thallium,3.393779715e-25,[Xe]6s2 4f14 5d10 6p1,1.62,1.96e-10,6.108,0.2,"+3, +1",Solid,577.0,1746.0,11800.0,Post-transition metal,"[882.0, 977.0, 1097.0, 1252.0, 1461.0, 1758.0]","[1.0, 10.0, 100.0, 1000.0, 10000.0, 100000.0]",0.204376808217015,40.68030679475023,129.0,807332.3066323493,20256.701511866217,22.67312329057146,"[0.1879653668874659, 0.05925149162343968, -0.022739015101886362, -0.08230644609938775, -0.11388743654125377, -0.12070971734112734]",1116.1630958545047
85,82,Pb,Lead,3.437235e-25,[Xe]6s2 4f14 5d10 6p2,2.33,2.02e-10,7.417,0.36,"+4, +2",Solid,600.61,2022.0,11342.0,Post-transition metal,"[978.0, 1088.0, 1229.0, 1412.0, 1660.0, 2027.0]","[1.0, 10.0, 100.0, 1000.0, 10000.0, 100000.0]",0.20699372893499998,40.16600552478955,129.0,867176.0295519216,23044.176384193128,22.16159456724273,"[0.08995276030996924, 0.015563081032701653, -0.010485342786276886, -0.035733337591233094, -0.05318302366162675, -0.0024379784740883315]",1250.218077688432
86,83,Bi,Bismuth,3.4701195419999997e-25,[Xe]6s2 4f14 5d10 6p3,2.02,2.0699999999999998e-10,7.289,0.946,"+5, +3",Solid,544.55,1837.0,9807.0,Post-transition metal,"[941.0, 1041.0, 1165.0, 1325.0, 1538.0, 1835.0]","[1.0, 10.0, 100.0, 1000.0, 10000.0, 100000.0]",0.20897406893878198,39.78537290402084,122.0,856565.6060055817,54073.69468079929,23.062958749220158,"[0.20129919015563358, 0.08183908369752557, -0.022353826722769088, -0.08935083155379608, -0.1357222185121304, -0.16702546054106426]",1184.8890736347807
87,84,Po,Polonium,3.4701532501499998e-25,[Xe]6s2 4f14 5d10 6p4,2.0,1.97e-10,8.417,1.9,"+4, +2",Solid,527.0,1235.0,9320.0,Metalloid,"[-846.0, 1003.0, 1236.0]","[1000.0, 10000.0, 100000.0]",0.20897609887728313,39.78498643944104,,492448.6606500955,62208.07101789176,6.913956546956423,"[2274139.55958334, -0.9999995602734423, -0.9999995496904804]",6123.994013316349
88,85,At,Astatine,3.48683662575e-25,[Xe]6s2 4f14 5d10 6p5,2.2,2.02e-10,9.5,2.8,"7, 5, 3, 1, -1",Solid,575.0,,7000.0,Halogen,"[361.0, 392.0, 429.0, 475.0, 531.0, 607.0]","[1.0, 10.0, 100.0, 1000.0, 10000.0, 100000.0]",0.20998078843929074,39.59462826002179,,190493.61752237027,28574.04262835554,15.805990388558413,"[10.927545406552992, 2.4219048031484, -0.01376371515717767, -0.7078217541959466, -0.9149739225395731, -0.973562204160751]",440.85028349076896
89,86,Rn,Radon,3.6866019158999997e-25,[Xe]6s2 4f14 5d10 6p6,,2.2e-10,10.745,,0,Gas,202.0,211.45,9.73,Noble gas,"[110.0, 121.0, 134.0, 152.0, 176.0, 211.0]","[1.0, 10.0, 100.0, 1000.0, 10000.0, 100000.0]",0.22201085397741388,37.44912066707256,94.0,81527.54550388509,14625.411063597508,20.74945052437655,"[1.607377296210637, 0.5760964374299824, -0.09710561616638758, -0.38172098380983666, -0.5640949762755381, -0.6607822239173589]",137.29363116547717
90,87,Fr,Francium,3.70324261665e-25,[Rn]7s1,0.7,3.48e-10,3.9,0.47,+1,Solid,300.0,,,Alkali metal,"[-404.0, -454.0, -519.0, -608.0, -738.0, -946.0]","[1.0, 10.0, 100.0, 1000.0, 10000.0, 100000.0]",0.22301297361727965,37.2808412225745,,291462.8640015749,8968.088123125382,-10.41237045145009,"[7624.075573015993, 89.50295188205129, 0.047187127144586505, -0.988455175874106, -0.99988013800913, -0.9999988329016544]",
91,88,Ra,Radium,3.7531519330499994e-25,[Rn]7s2,0.9,2.83e-10,5.279,,+2,Solid,973.0,1413.0,5000.0,Alkaline earth metal,"[819.0, 906.0, 1037.0, 1209.0, 1446.0, 1799.0]","[1.0, 10.0, 100.0, 1000.0, 10000.0, 100000.0]",0.226018562560204,36.78508156950777,,499958.9357617495,37607.530566149304,17.67397924281249,"[1.9415119596001205, 0.44759500525390883, -0.03690587218912933, -0.37848040575284714, -0.6076634708202777, -0.7518926286581977]",1063.3851065950116
92,89,Ac,Actinium,3.7697957887499995e-25,[Rn]7s2 6d1,1.1,2.6e-10,5.17,,+3,Solid,1324.0,3471.0,10070.0,Actinide,,,0.22702087219431372,36.62267341164874,120.0,1761952.5294468452,61668.33853063958,,,
93,90,Th,Thorium,3.8529909899999997e-25,[Rn]7s2 6d2,1.3,2.37e-10,6.08,,+4,Solid,2023.0,5061.0,11720.0,Actinide,"[2633.0, 2907.0, 3248.0, 3683.0, 4259.0, 5055.0]","[1.0, 10.0, 100.0, 1000.0, 10000.0, 100000.0]",0.23203097040878998,35.8319031522054,113.0,2215221.5244992496,59517.916835281394,23.621662136908142,"[0.15229100137097684, 0.053662020433726365, -0.017407416446429957, -0.06949640964192949, -0.09916558668318143, -0.11419109712654607]",3300.921032572427
94,91,Pa,Protactinium,3.8363507873999995e-25,[Rn]7s2 5f2 6d1,1.5,2.43e-10,5.89,,"+5, +4",Solid,1845.0,,15370.0,Actinide,,,0.23102888076801537,35.987324322228375,,2081990.7814165878,53413.23543176859,,,
95,92,U,Uranium,3.9524698844999996e-25,[Rn]7s2 5f3 6d1,1.38,2.4e-10,6.194,,"+6, +5, +4, +3",Solid,1408.0,4404.0,18950.0,Actinide,"[2325.0, 2564.0, 2859.0, 3234.0, 3727.0, 4402.0]","[1.0, 10.0, 100.0, 1000.0, 10000.0, 100000.0]",0.23802168891447448,34.930057415849234,116.0,1752361.3159045838,38399.861969234946,22.13801234874372,"[0.7515457209890366, 0.30896150336378825, -0.014349897693765379, -0.24597815183277205, -0.41312589632221286, -0.5376750331861425]",2909.0754602984043
96,93,Np,Neptunium,3.9361848960599997e-25,[Rn]7s2 5f4 6d1,1.36,2.2099999999999999e-10,6.266,,"+6, +5, +4, +3",Solid,917.0,4175.0,20250.0,Actinide,"[2194.0, 2437.0]","[1.0, 10.0]",0.23704099062562925,35.074571862260285,,1417476.3576256803,13499.77483453029,18.652825027143187,"[0.2623107132656741, -0.20780201776712792]",2936.994871101238
97,94,Pu,Plutonium,4.0526860409999997e-25,[Rn]7s2 5f6,1.28,2.43e-10,6.06,,"+6, +5, +4, +3",Solid,913.0,3501.0,19840.0,Actinide,"[1756.0, 1953.0, 2198.0, 2511.0, 2926.0, 3499.0]","[1.0, 10.0, 100.0, 1000.0, 10000.0, 100000.0]",0.24405680607506097,34.06629544042689,,1366485.1448454598,11554.68698190164,22.86823550431834,"[0.02542959129159783, 0.027083116926179374, 0.013600326263721874, -0.014140277634651977, -0.04981822034409744, -0.10298882814948973]",2231.5149153327548
98,95,Am,Americium,4.0360342149e-25,[Rn]7s2 5f7,1.3,2.44e-10,5.993,,"+6, +5, +4, +3",Solid,1449.0,2284.0,13690.0,Actinide,"[1239.0, 1356.0]","[1.0, 10.0]",0.2430540164554929,34.20684579192069,,,59204.94633189919,,"[nan, nan]",
99,96,Cm,Curium,4.1026031617499996e-25,[Rn]7s2 5f7 6d1,1.3,2.45e-10,6.02,,+3,Solid,1618.0,3400.0,13510.0,Actinide,"[1788.0, 1982.0]","[1.0, 10.0]",0.24706286500374672,33.651804612052544,,,,,"[nan, nan]",
100,97,Bk,Berkelium,4.1026024975499996e-25,[Rn]7s2 5f9,1.3,2.44e-10,6.23,,"+4, +3",Solid,1323.0,,14000.0,Actinide,,,0.24706282500495852,33.65181006018666,,,,,,
101,98,Cf,Californium,4.16917659195e-25,[Rn]7s2 5f10,1.3,2.45e-10,6.3,,+3,Solid,1173.0,,,Actinide,,,0.25107198354382093,33.114452447653896,,,,,,
102,99,Es,Einsteinium,4.1858382149999995e-25,[Rn]7s2 5f11,1.3,2.45e-10,6.42,,+3,Solid,1133.0,,,Actinide,,,0.252075363145515,32.98264120798085,,,,,,
103,100,Fm,Fermium,4.269064301549999e-25,[Rn] 5f12 7s2,1.3,,6.5,,+3,Solid,1800.0,,,Actinide,,,0.2570873213036425,32.33963937949437,,,,,,
104,101,Md,Mendelevium,4.28572443015e-25,[Rn]7s2 5f13,1.3,,6.58,,"+3, +2",Solid,1100.0,,,Actinide,,,0.2580906109080631,32.213923748515,,,,,,
105,102,No,Nobelium,4.302372105e-25,[Rn]7s2 5f14,1.3,,6.65,,"+3, +2",Solid,1100.0,,,Actinide,,,0.259093150535205,32.08927462121503,,,,,,
106,103,Lr,Lawrencium,4.418922599999999e-25,[Rn]7s2 5f14 6d1,1.3,,,,+3,Solid,1900.0,,,Actinide,,,0.26611193789459997,31.242909753612793,,,,,,
107,104,Rf,Rutherfordium,4.43556081e-25,[Rn]7s2 5f14 6d2,,,,,+4,Solid,,,,Transition metal,,,0.26711390753901,31.125714630885646,,,,,,
108,105,Db,Dubnium,4.452232229999999e-25,[Rn]7s2 5f14 6d3,,,,,"5, 4, 3",Solid,,,,Transition metal,,,0.26811787712283,31.009164137873377,,,,,,
109,106,Sg,Seaborgium,4.46887044e-25,[Rn]7s2 5f14 6d4,,,,,"6, 5, 4, 3, 0",Solid,,,,Transition metal,,,0.26911984676724,30.893712819295786,,,,,,
110,107,Bh,Bohrium,4.485558464999999e-25,[Rn]7s2 5f14 6d5,,,,,"7, 5, 4, 3",Solid,,,,Transition metal,,,0.27012481632076496,30.778776171854002,,,,,,
111,108,Hs,Hassium,4.468963428e-25,[Rn]7s2 5f14 6d6,,,,,"8, 6, 5, 4, 3, 2",Solid,,,,Transition metal,,,0.26912544659758797,30.893069998065776,,,,,,
112,109,Mt,Meitnerium,4.602142169999999e-25,[Rn]7s2 5f14 6d7 (calculated),,,,,"9, 8, 6, 4, 3, 1",Solid,,,,Transition metal,,,0.27714560361956997,29.99907323593178,,,,,,
113,110,Ds,Darmstadtium,4.68536643e-25,[Rn]7s2 5f14 6d8 (predicted),,,,,"8, 6, 4, 2, 0",Expected to be a Solid,,,,Transition metal,,,0.28215745178102997,29.466211888148948,,,,,,
114,111,Rg,Roentgenium,4.685416244999999e-25,[Rn]7s2 5f14 6d9 (predicted),,,,,"5, 3, 1, -1",Expected to be a Solid,,,,Transition metal,,,0.2821604516901449,29.465898605557086,,,,,,
115,112,Cn,Copernicium,4.752002294999999e-25,[Rn]7s2 5f14 6d10 (predicted),,,,,"2, 1, 0",Expected to be a Solid,,,,Transition metal,,,0.2861703302071949,29.053016271744042,,,,,,
116,113,Nh,Nihonium,4.75205211e-25,[Rn]5f14 6d10 7s2 7p1 (predicted),,,,,,Expected to be a Solid,,,,Post-transition metal,,,0.28617333011630997,29.052711713634807,,,,,,
117,114,Fl,Flerovium,4.8186381599999995e-25,[Rn]7s2 7p2 5f14 6d10 (predicted),,,,,"6, 4,2, 1, 0",Expected to be a Solid,,,,Post-transition metal,,,0.29018320863335995,28.651248634116158,,,,,,
118,115,Mc,Moscovium,4.81870458e-25,[Rn]7s2 7p3 5f14 6d10 (predicted),,,,,"3, 1",Expected to be a Solid,,,,Post-transition metal,,,0.29018720851218,28.650853711393115,,,,,,
119,116,Lv,Livermorium,4.868669024999999e-25,[Rn]7s2 7p4 5f14 6d10 (predicted),,,,,"+4, +2, -2",Expected to be a Solid,,,,Post-transition metal,,,0.29319611735452494,28.35682591917408,,,,,,
120,117,Ts,Tennessine,4.885373655e-25,[Rn]7s2 7p5 5f14 6d10 (predicted),,,,,"+5, +3, +1, -1",Expected to be a Solid,,,,Halogen,,,0.294202086877755,28.259865007193596,,,,,,
121,118,Og,Oganesson,4.9020616799999995e-25,[Rn]7s2 7p6 5f14 6d10 (predicted),,,,,"+6, +4, +2, +1, 0, -1",Expected to be a Gas,,,,Noble gas,,,0.29520705643128,28.163660315265556,,,,,,
